"","baseMean","log2FoldChange","lfcSE","stat","pvalue","padj"
"C1_00160C",4383.88403087397,1.17628121275999,0.153253520074223,7.6753944195885,1.64910436334806e-14,9.21380327778872e-13
"C1_00200C",87.1091729294948,1.11586449249571,0.336874820330335,3.31240100225214,0.000924988566821375,0.00385570182884475
"C1_00270W",94.7205490156598,-1.71098478832266,0.394273300775794,-4.33959079896111,1.42748276788914e-05,0.000104613358079962
"C1_00290W",501.208092853925,-1.3262807964491,0.235981678046928,-5.62027021515354,1.90659020542776e-08,2.77778333757298e-07
"C1_00550W",328.224831315417,1.15214832144409,0.161286418216637,7.14349251588281,9.09888784635075e-13,3.52944120918956e-11
"C1_00830W",344.01522270303,-1.71816010773318,0.24012547502346,-7.15525958903494,8.35147312773891e-13,3.32421381359019e-11
"C1_00850W",436.709186311623,-1.16035826055152,0.171531300836707,-6.76470273875058,1.33583181547951e-11,3.83736592276897e-10
"C1_00900W",907.716966066934,1.15956514390432,0.188352861956991,6.15634470247178,7.44431022151212e-10,1.481563700948e-08
"C1_01240W",820.9406342108,-1.40672171703352,0.227551527006631,-6.18199198897279,6.32977387510108e-10,1.27643453309158e-08
"C1_01370C",3354.05605375491,1.08939512809057,0.195072196591125,5.58457405579928,2.34273675079738e-08,3.31241404294501e-07
"C1_01440C",175.242817843721,-1.64702387382718,0.359387397777872,-4.5828648528326,4.58648485811726e-06,3.80540773650329e-05
"C1_01610C",167.062248377044,-1.13679647647993,0.288557213724176,-3.93958779199526,8.16217298103012e-05,0.000480266989898294
"C1_01620C",403.550540111205,-1.307323877684,0.525266736113681,-2.48887619908423,0.0128147580391365,0.036113779018205
"C1_01680C",597.90463033047,1.10140426649533,0.168102541023875,6.55197868983375,5.67796461218087e-11,1.44681190327119e-09
"C1_01740W",318.209071719361,-2.49646354723217,0.324424112513123,-7.6950616521489,1.41425965477254e-14,8.04938439024743e-13
"C1_01990W",7.81268692020321,-3.56499687692904,1.19156458388641,-2.99186206533719,0.00277281515800617,0.00995450473439186
"C1_02040C",576.440910508567,-1.17957581362498,0.15930401209941,-7.40455810296165,1.31587905291327e-13,6.21217320328825e-12
"C1_02110C",2317.43171774812,-2.71509532724833,0.391946636248663,-6.92720660453837,4.29231505055716e-12,1.3544144382328e-10
"C1_02180W",1741.50338702351,-1.27350895627511,0.527593109672174,-2.41380892382469,0.0157867388052994,0.0428436895384462
"C1_02270C",527.596286991122,-1.19301098586194,0.212521935725709,-5.61358987150249,1.98171600770023e-08,2.87348821116534e-07
"C1_02450C",586.113446872966,1.3207720162426,0.186072538687962,7.09815658750961,1.26431890367092e-12,4.72374363396067e-11
"C1_02570C",53.4954548566387,-1.06360100546301,0.325517979376131,-3.26741093533896,0.00108536011187438,0.00443613629618455
"C1_02590C",3703.17642849696,-1.27775539223123,0.173592896028835,-7.36064332966132,1.83025995924159e-13,8.3806640238957e-12
"C1_02970W",2614.82379612078,-1.0983997000785,0.144497442317981,-7.60151655599106,2.92680319096283e-14,1.54993316808379e-12
"C1_03010W",5678.74049411566,1.19064278511552,0.257057357728624,4.6318175664611,3.62469485591913e-06,3.10857758398366e-05
"C1_03060C",580.290236856044,1.24865839865988,0.179812426193109,6.94422752139991,3.80536784863018e-12,1.21972053674515e-10
"C1_03230C",1631.09225305564,1.08379695684671,0.20709756962615,5.2332673860112,1.66539553443582e-07,1.97320210208447e-06
"C1_03270W",220.309690054536,-1.24535368095864,0.226603534426025,-5.49573811420484,3.89079554208451e-08,5.25386803798108e-07
"C1_03330C",264.262894778708,-1.01982702421405,0.220722167681758,-4.62041051392925,3.82981503785889e-06,3.26192188560532e-05
"C1_03620C",915.643954770094,1.26380581452288,0.167066424409053,7.56469062526006,3.88788803761596e-14,2.00654560585434e-12
"C1_03790C",2712.20640638563,1.07049286711822,0.24679208839349,4.33763040819772,1.44027080079171e-05,0.000105297108965444
"C1_04060W",125.535280904258,-1.09968565158628,0.240771101118588,-4.56734901521528,4.93931215089064e-06,4.06646427029081e-05
"C1_04140W",177.906055444713,-1.00884604038791,0.334693099191182,-3.01424213055446,0.00257622111249891,0.00936667855230948
"C1_04330W",1997.29153220985,-1.17053416196087,0.16108920985715,-7.26637223560084,3.69270145823387e-13,1.55093461245822e-11
"C1_04460C",582.287850981959,-1.80611900207625,0.214135938205239,-8.43445064482905,3.32762151804732e-17,3.37753584081803e-15
"C1_04470C",35.7972676914914,-1.79389892922984,0.634746190512606,-2.82616730284136,0.00471086522745562,0.0156586180358542
"C1_04500W",3484.7063311202,-4.3005134419922,0.439643648534945,-9.78181637861278,1.3476987926947e-22,3.73067529432305e-20
"C1_04590W",2547.89420767063,1.02042430557586,0.229049822502595,4.45503207305168,8.38806540313469e-06,6.50742908345099e-05
"C1_04650W",543.504435249792,3.66601790912402,0.627873254742032,5.83878654081268,5.25823867144224e-09,8.5393796024222e-08
"C1_04660W",1306.65659712833,1.82408354558648,0.361912275238904,5.0401262139627,4.65224928363347e-07,4.96185606608193e-06
"C1_04770C",1002.22518530366,1.07425645612737,0.239297305906117,4.48921249681279,7.14869587032719e-06,5.64663525944132e-05
"C1_04880C",511.565523712633,1.20284364453048,0.190187023300828,6.32453057866039,2.54003551367695e-10,5.66623306897166e-09
"C1_04930C",84.2223199588801,-1.01451846504336,0.271451162625063,-3.73738854250053,0.000185941471644825,0.000974512532114447
"C1_05160C",2523.28747326104,-2.45904611795737,0.372130782360169,-6.6080158764651,3.89504925734609e-11,1.00939787137182e-09
"C1_05340C",491.96137632307,-1.12012057986623,0.173229482226581,-6.46610822516417,1.00559070805279e-10,2.41981733332743e-09
"C1_05440C",238.176750485679,-1.64264800982119,0.195424893206525,-8.40552082628101,4.25966953106263e-17,4.1840947490599e-15
"C1_05520W",358.583809975952,1.3236005284697,0.171727943847313,7.70754309878972,1.28262997178298e-14,7.43925383634129e-13
"C1_05700W",839.662518529852,-1.38660149956126,0.23582656390476,-5.87975110438044,4.10883843704835e-09,6.78125368065704e-08
"C1_05760C",49.6948870648731,2.65758911862597,0.460610192630109,5.76971409045681,7.94061388997774e-09,1.23995739974268e-07
"C1_05990C",752.237635899857,-1.35250931318106,0.184190843798603,-7.34297799656052,2.08892880462492e-13,9.35410030894543e-12
"C1_06070W",690.206779470959,1.07213184917107,0.180576918521155,5.93725852645706,2.8982746056755e-09,5.00013947551383e-08
"C1_06230C",1132.04555818233,-1.04117144832069,0.264956380779334,-3.929595676308,8.50888157741026e-05,0.00049574107415733
"C1_06460C",4363.29842063881,1.45306303241101,0.276025368058623,5.26423727873592,1.40772544420815e-07,1.69763325846092e-06
"C1_06470W",6590.53231712013,1.17855966715957,0.186321142845914,6.32542098635702,2.52543107201161e-10,5.65436589284952e-09
"C1_06610C",4511.11686580342,-5.32411992979517,0.441849912031123,-12.0496118361118,1.94865411897349e-33,1.18673035845486e-30
"C1_06620C",92.4230139023077,-1.66434414996408,0.297158278132645,-5.60086752562604,2.13281690446751e-08,3.04902698314721e-07
"C1_06760C",666.597999261872,1.1257557703374,0.165933073512465,6.78439654318121,1.16572735379503e-11,3.44625222553969e-10
"C1_06860W",31.1570135953898,3.37035809358619,1.4156725626104,2.38074692029878,0.0172775774390272,0.0461695684965668
"C1_06870C",155.590959135511,1.67675835658606,0.367124908322002,4.56726939136308,4.94118811168341e-06,4.06646427029081e-05
"C1_06890C",4471.38141178659,1.20499449905835,0.165120368470384,7.29767326842226,2.92786563331285e-13,1.26828251171612e-11
"C1_07220W",2026.48931454102,-4.1729601340369,0.47093717382973,-8.86096992535495,7.93212658679519e-19,1.00638856069964e-16
"C1_07330W",39.288117909963,-2.13164130830807,0.495500907418676,-4.30199274389407,1.69268856162541e-05,0.000120991471130267
"C1_07480C",19.8914370349708,-1.2836846779348,0.49381566384934,-2.59952199152282,0.0093353696685277,0.0277193570362427
"C1_07670W",31.186987738181,-1.39015695108018,0.566906386114121,-2.45218079233339,0.0141993299687787,0.0392706264804098
"C1_07910C",1023.91705546366,1.0369024887873,0.164404163255482,6.30703303526422,2.84435138103226e-10,6.25346567165576e-09
"C1_07980C",148.242059945247,-3.73634200382903,0.411426309555123,-9.08143674105127,1.07150949156879e-19,1.76364670369025e-17
"C1_08000W",313.881056154361,1.02707473823542,0.25760103037469,3.98707542722755,6.68927641045095e-05,0.000403343498412339
"C1_08070W",2924.83953903212,-1.00121188090851,0.219657761893219,-4.55805372994387,5.16298309123306e-06,4.22615148193674e-05
"C1_08170C",826.212961992802,-1.04060514735744,0.296452363942076,-3.51019345408479,0.000447780786148114,0.00206380875221954
"C1_08240C",265.539491502009,1.01355276212168,0.305299185128557,3.31986723677264,0.000900602664586912,0.00377732109320544
"C1_08590C",2326.64667195872,1.12960547516405,0.14384461131136,7.85295649844647,4.06342638737327e-15,2.60487017885297e-13
"C1_08610C",3445.51035498791,-1.45036801663426,0.173372756614456,-8.36560509826561,5.98071926428764e-17,5.5185727756836e-15
"C1_08770W",584.339798509689,1.50952139715215,0.156922446672306,9.61953773448622,6.61276715451688e-22,1.61087007884031e-19
"C1_08850C",174.301443161639,-1.02793796071291,0.277895151544797,-3.69901365676474,0.000216438956024779,0.00110952293113713
"C1_08900W",475.967126120343,1.36186002386582,0.267307017077881,5.09474101635364,3.49218310487897e-07,3.85978132644518e-06
"C1_08920W",751.6710749163,1.00908842569117,0.167073678198115,6.03978099108223,1.54323547488963e-09,2.83936678008393e-08
"C1_09040C",495.863504921921,1.15873889257879,0.200510823642085,5.77893438135369,7.51752366917772e-09,1.18544139127911e-07
"C1_09150W",132.906086168519,-3.65549905769775,0.584238629076894,-6.25685957033257,3.92806811572944e-10,8.24894304303183e-09
"C1_09160W",222.898682741036,-1.87385003975688,0.210612666239774,-8.897138397287,5.73050246805788e-19,7.75528000677167e-17
"C1_09290C",3675.15607268909,-1.72196128937473,0.116339842967594,-14.8011312844421,1.44039475950241e-49,1.75440081707394e-46
"C1_09300C",55.0387283024135,-1.75050533935007,0.49331463893635,-3.54845609918325,0.000387496587681122,0.001825099937338
"C1_09310C",329.155556535592,-1.04046789072792,0.229106079012326,-4.54142419622111,5.58754767120026e-06,4.52502198372468e-05
"C1_09440W",410.106558507744,-1.15738984366324,0.184577332149477,-6.27048744385333,3.59919574753141e-10,7.69091301840922e-09
"C1_09510W",1069.68568320753,1.25971489856369,0.201109962897719,6.2638115009964,3.7567956957062e-10,7.99602609388384e-09
"C1_09690W",3910.84424527727,-1.01666867923546,0.195967542580959,-5.18794421691259,2.12628270381539e-07,2.44783774408993e-06
"C1_09780C",455.712124387724,-1.26637470486999,0.262392542782639,-4.82626027188217,1.39120673584928e-06,1.30949753034345e-05
"C1_09910C",467.174233276174,1.23397284808711,0.141297504683967,8.73315385750852,2.47667827761248e-18,2.84584353031321e-16
"C1_09930W",33.8098469408063,-1.65274089364316,0.483816168110644,-3.41605139013294,0.000635362553563383,0.00279577886647471
"C1_10030W",1109.64390189719,1.08583592177461,0.245417185583908,4.42444940924224,9.66885576977098e-06,7.34206130148445e-05
"C1_10060C",72.760347603609,-3.38149542929231,0.377965584078351,-8.94656966596023,3.66700540545197e-19,5.1935030044657e-17
"C1_10180C",770.89277043393,-1.55516721997071,0.258722678070323,-6.0109428039702,1.84447477439339e-09,3.31352547966247e-08
"C1_10240C",259.214852965058,-1.49376926855188,0.197074534664046,-7.57971734449768,3.46308600857072e-14,1.81812015449963e-12
"C1_10260C",609.328933337383,1.00305332592359,0.149360264423417,6.71566383332092,1.87211947718037e-11,5.20603087489884e-10
"C1_10310W",126.476441210616,-1.15271943273261,0.312042747556587,-3.69410743162222,0.000220660502549383,0.00112577812197663
"C1_10360C",1389.27194862297,-1.57475700665558,0.240868163239204,-6.53783790052694,6.24145168455901e-11,1.57719671199022e-09
"C1_10450W",1344.88832544886,-1.59456742279844,0.16977813760349,-9.3920657000166,5.88348609384687e-21,1.24281013164477e-18
"C1_10650W",297.626286502957,1.2388178503959,0.258808078563062,4.78662743942918,1.69607257654665e-06,1.56976929956977e-05
"C1_10730W",817.983245656901,-1.02667242363951,0.152004894184865,-6.75420636384835,1.43619212938890e-11,4.08710750840114e-10
"C1_10740C",1256.91463365353,-1.43316481413675,0.22998396696517,-6.23158576247097,4.61737095177037e-10,9.63006475900053e-09
"C1_10880W",886.358505584531,1.21997545947724,0.134732106583923,9.0548236081897,1.36788692335242e-19,2.13600804185032e-17
"C1_10950C",519.377351686815,1.21998277157248,0.172558171203985,7.06997972370901,1.54956337321029e-12,5.48653543188991e-11
"C1_11030W",2813.33841636083,1.28211743656499,0.157392298829175,8.14599854060544,3.76164670250281e-16,2.93697800233873e-14
"C1_11040W",1757.88834238188,1.33222231415123,0.179652079837089,7.41556855539503,1.21104140747542e-13,5.85336680279784e-12
"C1_11130W",150.070061722586,1.12345108484704,0.292351039115591,3.84281543258975,0.000121630938564184,0.000672781485790989
"C1_11260C",49.8933379771102,-1.41625705028624,0.39057837355999,-3.6260508675315,0.000287788687953275,0.00142722565931225
"C1_11270W",3444.17058045823,-1.54430345245833,0.193897622591564,-7.96453010520573,1.65852800845382e-15,1.16096960591768e-13
"C1_11320C",2072.04336180505,-1.3848227405676,0.437349859620543,-3.16639575869331,0.00154340652624576,0.00602522163130555
"C1_11380W",766.759339407147,1.03126322379084,0.173045149271836,5.95950379499419,2.53004987697905e-09,4.42758728471334e-08
"C1_11410C",86.4067489853957,2.01986817772616,0.402841020029572,5.0140578473808,5.32939525192835e-07,5.57483964117885e-06
"C1_11470C",120.37894607726,-1.04358860602668,0.314544393994601,-3.31777843112535,0.000907364306096117,0.00379783410592808
"C1_11480W",311.494699160458,2.76327438583676,0.555642103035236,4.97311915483396,6.58841369615896e-07,6.70960525244282e-06
"C1_11520C",822.490903166372,1.44833159007293,0.223652131505596,6.47582287869541,9.42966110793650e-11,2.30629060832664e-09
"C1_11550W",1903.15006065837,1.07808006884091,0.145520628205619,7.40843468128512,1.27798830118636e-13,6.12830610568893e-12
"C1_11660W",3375.42628798658,-1.05951204282685,0.119358639720994,-8.87671010078118,6.88669850820902e-19,8.92340296063679e-17
"C1_11850W",672.850576233391,-1.6083731982417,0.280594810727965,-5.73201334005073,9.92454647517309e-09,1.51860522698e-07
"C1_11950W",197.924778368401,-1.17268431236408,0.290479581405351,-4.03706280038888,5.41245838506157e-05,0.000337378419294012
"C1_12190W",276.594813936897,-1.12980564431228,0.232335173083288,-4.86282653340339,1.15721255541896e-06,1.11509880735782e-05
"C1_12280C",372.38855129389,1.20849755678884,0.235884234226718,5.12326548974574,3.00289062195398e-07,3.35483794816039e-06
"C1_12310C",623.6203749085,1.19246424919859,0.18536218402342,6.43315817344882,1.24979471782326e-10,2.93870649866551e-09
"C1_12470W",12.6405785531091,-2.10150801711901,0.746862893767609,-2.81378019266399,0.00489626952540656,0.0161792085782561
"C1_12760W",501.082286491136,1.128210146286,0.228028435348905,4.94767305910656,7.51059201577687e-07,7.56024882249275e-06
"C1_12910W",445.465208580627,-2.41632226874308,0.97032388936231,-2.49022238371465,0.0127663187679349,0.0360300070241591
"C1_13070C",1037.31017356957,1.41013640458053,0.223578501412635,6.30711985128656,2.84275699476992e-10,6.25346567165576e-09
"C1_13130C",174.218420592908,-1.70776079958613,0.287718234854027,-5.93553203345819,2.9289412775978e-09,5.024578135372e-08
"C1_13210C",29.0957708152996,2.77144733527333,0.559458442139271,4.95380376185905,7.27766035801839e-07,7.35007488894394e-06
"C1_13380W",123.355463578529,1.08549969256363,0.321631861077757,3.37497562873974,0.000738222280752844,0.00317274078319324
"C1_13430C",398.715380576992,-1.46668193319339,0.206371385884016,-7.10700239236502,1.1859037979301e-12,4.45811983295944e-11
"C1_13480W",17309.609453379,-1.18453605190928,0.222551880540171,-5.32251648035601,1.02341509117631e-07,1.26936820881134e-06
"C1_13630W",1003.05915436582,-1.28311510742251,0.169897940123641,-7.55226994799783,4.27736753056986e-14,2.15282382323723e-12
"C1_13820C",342.994179834658,1.48546390851424,0.186834045363578,7.95071318839955,1.8544082187758e-15,1.2689152867803e-13
"C1_13880C",987.973302328722,-1.18426675179284,0.236654783526689,-5.00419528456009,5.60958681278034e-07,5.81511622426006e-06
"C1_14210C",1369.20737599774,-1.21955196948608,0.180336042404838,-6.762663487692,1.35477663291824e-11,3.87351628848454e-10
"C1_14220C",296.722375915337,1.87459515312251,0.292294936901918,6.41336854134954,1.42338858928285e-10,3.32124004165998e-09
"C1_14390W",187.549575695659,1.20122561517919,0.243508056155071,4.9330015365661,8.09755178789638e-07,8.1242323539191e-06
"C2_00030W",560.613609302206,1.15148762629434,0.225993122034094,5.09523305811326,3.48312494127767e-07,3.85676925316018e-06
"C2_00090W",174.057848248987,1.21881240040354,0.192009589774021,6.34766420696997,2.18608590776783e-10,4.96763551429331e-09
"C2_00210W",8119.04694572632,1.29526922374433,0.161324232803561,8.02898114706386,9.82854585529893e-16,7.12569574509172e-14
"C2_00340C",4702.60511971291,-1.12536393634925,0.202222439621673,-5.56498051578565,2.6218170348209e-08,3.65374502106619e-07
"C2_00640W",243.512046614099,-1.03175264088277,0.17188700217774,-6.00250529598444,1.9429592215289e-09,3.45983089447691e-08
"C2_00750W",79.070149834678,-1.32411709343843,0.33728417419202,-3.92582040533153,8.64346303049534e-05,0.00050132085576873
"C2_00860C",637.07846122714,-1.79179389853894,0.719604186493074,-2.48997147622373,0.0127753347754458,0.0360360300057734
"C2_00930C",280.98179178965,-1.07610651874836,0.237670273908009,-4.52772869342874,5.96210610915055e-06,4.80916903373866e-05
"C2_01010W",2580.48015032796,1.29364966823722,0.178603898384669,7.24312111850446,4.38474998967957e-13,1.80426536737490e-11
"C2_01020W",10013.841723739,1.46860194638194,0.219631141682146,6.68667446307468,2.2829894414781e-11,6.27959775559536e-10
"C2_01060C",100.843320648098,1.26309729152623,0.275516350284858,4.58447308197973,4.55132713104735e-06,3.78655494919103e-05
"C2_01310W",366.934066877119,-1.02154199881627,0.204120493098553,-5.00460283683057,5.59773224331721e-07,5.81511622426006e-06
"C2_01650W",30.269114058467,-1.37104440879345,0.557435106228834,-2.4595587781847,0.0139107916729739,0.0386129085179631
"C2_01760C",83.7301620315345,-1.05810563354058,0.362234025849522,-2.92105533448736,0.00348847862217035,0.0120984252898733
"C2_01880C",172.719366456171,-1.00941541606359,0.286434468815217,-3.52407103879239,0.000424970297198546,0.00198015999230233
"C2_02270C",556.440031550637,1.00158864908142,0.14315471265744,6.9965468162977,2.62348136375598e-12,8.73060191545024e-11
"C2_02430W",956.776788837341,1.01733137238459,0.217939523639663,4.6679526292194,3.04216015434009e-06,2.6563031811798e-05
"C2_02550C",36.0567360637829,-1.77989672923567,0.459497924445816,-3.87356859420494,0.000107253200759701,0.000605349390756794
"C2_02570W",117.753731599007,1.19555971605656,0.252015925497774,4.74398478467237,2.09554595614061e-06,1.90475744371586e-05
"C2_02680W",316.961294914895,1.03032715593839,0.218835501467698,4.70822672294092,2.49881080342231e-06,2.23134278487417e-05
"C2_02690W",1041.52397583671,1.09347647680731,0.142920514855449,7.65094134955547,1.99513330915787e-14,1.09462719394337e-12
"C2_02750C",11.2810448880291,-2.5027436034987,0.91295384439536,-2.74136925854805,0.00611837047132421,0.0194777188553917
"C2_02790C",62.9653533724672,4.1807897012854,0.486297254894512,8.59718959793902,8.1691962593124e-18,8.72814126652852e-16
"C2_02850W",24.6112953964264,2.72787472908922,0.620558067710127,4.39584121298291,1.10344578196536e-05,8.28604785717518e-05
"C2_02860W",2375.53134969602,1.15922731548882,0.149815555894667,7.73769658675398,1.01234080810513e-14,5.92803415515409e-13
"C2_02970C",8428.80181507838,-1.48638054410582,0.143578046711758,-10.3524221017564,4.08030315693485e-25,1.38050256809629e-22
"C2_02980C",902.349790291081,-1.00199086028859,0.179808773276726,-5.57253598936757,2.51057605768136e-08,3.50785548145364e-07
"C2_03000C",303.520178642377,1.4182705755982,0.174456045554995,8.12967284158179,4.30450590246677e-16,3.3182836640535e-14
"C2_03090C",969.708612322024,1.2478461014912,0.142067382767021,8.78348060749147,1.58492221386897e-18,1.93043525649241e-16
"C2_03120W",1952.94212975738,1.53909778021046,0.23877786743313,6.44573048899301,1.15044941968824e-10,2.71559572321759e-09
"C2_03220C",525.310704557725,-1.97644766266754,0.210451874214876,-9.39144718972445,5.91814348402273e-21,1.24281013164477e-18
"C2_03390C",2017.5667075268,-1.32310578011336,0.272329464163098,-4.85847458400959,1.18293590220178e-06,1.13629016473326e-05
"C2_03500W",1338.32221157506,-1.4091972498996,0.169268407437704,-8.32522306572912,8.41700904554298e-17,7.53817427755247e-15
"C2_03690C",232.867865005143,-1.68517441113935,0.306333782098951,-5.50110536158564,3.77417576663339e-08,5.11909363447602e-07
"C2_03810C",12863.4789330032,1.08579402604646,0.132394097786695,8.20122682353877,2.37946080696725e-16,1.98505702937405e-14
"C2_03960W",5047.55001253657,1.14778611459993,0.164112104809239,6.99391501884701,2.6731951784281e-12,8.79986953331195e-11
"C2_04010C",887.811913995279,-1.86187881972428,0.424436414182772,-4.38670848567321,1.15078857582362e-05,8.5991440819213e-05
"C2_04460W",4428.09487463734,-1.17621408060578,0.181919937974711,-6.46555893598257,1.00925057908894e-10,2.41981733332743e-09
"C2_04480W",497.268154713818,-1.07642792343227,0.184557958541266,-5.83246548639941,5.46143041035963e-09,8.84577425507717e-08
"C2_04510W",477.456963320531,1.32203006869866,0.223558723381016,5.91356959238624,3.34771985272366e-09,5.66322608419085e-08
"C2_04570W",1279.51071833651,1.06312907324801,0.187585452140011,5.66743881852048,1.44947785690789e-08,2.16887472937814e-07
"C2_04680W",646.801143954664,1.08298749173578,0.142130350777075,7.61967789296743,2.54309512336231e-14,1.3585481843225e-12
"C2_05230C",1005.51627998498,1.22477913934646,0.218040479590536,5.61720989444943,1.94065625023599e-08,2.82066743769384e-07
"C2_05360C",285.113422757819,-1.90213576902135,0.319825574101819,-5.9474161013021,2.72408309577467e-09,4.71297331058742e-08
"C2_05480C",79.3429086203065,1.19294837609957,0.357387044138902,3.33797320206135,0.000843918880507525,0.00357254896199647
"C2_05620W",74.0488680362257,2.1500119690829,0.53363755674199,4.02897423901222,5.60207560784794e-05,0.00034706653562354
"C2_05660W",2670.76843677502,-1.09277383418814,0.167115386001696,-6.53903784883729,6.19158561833903e-11,1.57111485065353e-09
"C2_05710C",7031.67335969963,1.04796296285344,0.141497332375817,7.40623830327803,1.29932264953251e-13,6.1819335434789e-12
"C2_05950C",348.514026087311,-1.74417487983571,0.206951152076507,-8.4279544343436,3.51759971888328e-17,3.51183316196708e-15
"C2_05960C",131.623941822583,1.08107506390808,0.275655362609479,3.92183577955505,8.78768788719543e-05,0.000509200944177166
"C2_05990C",383.839079592751,-1.94773986013956,0.257048024371436,-7.57733837831433,3.52715990189721e-14,1.83593194893624e-12
"C2_06020W",1001.95324454309,1.30741326342651,0.258143812799101,5.0646701513005,4.09108090332595e-07,4.43184774735905e-06
"C2_06360C",647.287634931624,1.74196602740275,0.240487406708941,7.24348127513818,4.37311644425169e-13,1.80426536737490e-11
"C2_06390C",4149.08193142641,1.40519647142727,0.138866715778566,10.1190300609397,4.54901144716374e-24,1.38517398566136e-21
"C2_06590C",65.7489381900517,-1.01414759947241,0.380007660103451,-2.66875567507331,0.00761328092009375,0.023334112130534
"C2_06700W",784.336590434781,2.37120394962491,0.170629695956961,13.8967835365716,6.62523778586749e-44,6.7246163526555e-41
"C2_06810C",5798.21877448158,1.0165899563322,0.141676306450629,7.17544084681836,7.20745562005777e-13,2.88772399514157e-11
"C2_06890C",546.210207946808,-1.06432601335974,0.227676268181839,-4.67473409441907,2.94334728178829e-06,2.59031574365472e-05
"C2_06970W",243.627821093282,1.72166050816879,0.560013694476848,3.07431858390021,0.00210983996388467,0.00788277630678384
"C2_07270W",890.438021957724,-1.60578435311444,0.198323062359504,-8.09681100125211,5.64186215497474e-16,4.24184450911064e-14
"C2_07280W",19.4563391427328,-1.4450482934519,0.518412106955724,-2.78745089874091,0.00531245042522893,0.0173287750881865
"C2_07300C",228.274228893846,1.56835441225194,0.231330475140261,6.77971378955155,1.20414189101263e-11,3.54262034602268e-10
"C2_07570W",4671.1974561146,1.22078136474287,0.262962081287209,4.64242357212531,3.44346029207828e-06,2.97456357145485e-05
"C2_07900W",7227.76067099003,-3.31571787989198,0.479203192672558,-6.91923161321179,4.54099911520042e-12,1.42549920678199e-10
"C2_07960C",784.646664422328,1.23541327273636,0.207377605686397,5.95731283832346,2.56419107593701e-09,4.47447669124825e-08
"C2_08000C",2910.39081602366,1.05011005764868,0.131133801168527,8.0079281488922,1.1665702366456e-15,8.35813263667262e-14
"C2_08180C",672.657616562398,1.05076101849976,0.154768501995558,6.78924332116311,1.12723188540245e-11,3.34870350346388e-10
"C2_08510W",93.7736989198269,-1.16656191006887,0.261583618887667,-4.45961377485884,8.21074781877458e-06,6.40249093679094e-05
"C2_08580W",13.5966112553173,1.58232191543756,0.637526990141956,2.48196851255698,0.0130658820432255,0.0366518754690203
"C2_08830W",831.970545793902,-1.06452190260819,0.209562286302899,-5.07973987776382,3.77952017627867e-07,4.13236586598511e-06
"C2_09010W",592.323690775504,-1.2153842459654,0.172324150260166,-7.05289562798061,1.75232293533074e-12,6.13313027365758e-11
"C2_09220W",2057.85492616721,-1.82794248930181,0.222088703795578,-8.2306864692422,1.86143593988588e-16,1.57446456582014e-14
"C2_09660W",633.105455999204,1.05211090179087,0.213263982736668,4.9333735977818,8.08213529711345e-07,8.12214586789124e-06
"C2_09800C",126.588219070422,3.23628464367894,1.30200500717225,2.48561612732016,0.0129327384609104,0.0363621316837232
"C2_09890W",295.080447063329,1.07222707524902,0.220391642378344,4.86509862024776,1.14399749885194e-06,1.10411169065108e-05
"C2_10040W",5.41816461617291,4.3749254116885,1.48833381374637,2.9394786111028,0.00328764961298967,0.0115133905365768
"C2_10070W",70.8479378719475,-4.38988075703516,0.786088454771595,-5.58446155822335,2.34425361659983e-08,3.31241404294501e-07
"C2_10540W",309.965392294269,1.10519277487379,0.2275418339147,4.85709707028248,1.19119206269424e-06,1.13883197202636e-05
"C3_00090W",12095.7155160989,1.01514065102311,0.14401382586033,7.04891106780006,1.80323347235703e-12,6.23959764014451e-11
"C3_00100W",223.20748311773,1.145534249097,0.272675102487438,4.20109587801392,2.65626060858154e-05,0.000180946611926864
"C3_00320W",5032.04846077057,1.763687426625,0.442042369704283,3.98986058238007,6.61121436227122e-05,0.000399824185364764
"C3_00330W",1313.43588398923,1.00016955644905,0.163057665961791,6.13383952572597,8.57830520509433e-10,1.69616489282547e-08
"C3_00340W",324.943897894985,1.15313661869659,0.201143166992746,5.73291469920115,9.87192879401019e-09,1.51435885026504e-07
"C3_00810C",3127.02420500675,-1.0792661529724,0.167942346234496,-6.42640868828539,1.30653843258965e-10,3.06031502095036e-09
"C3_00920W",1034.43120991195,-3.42708573098354,1.38662321129571,-2.47153350893438,0.013453494231004,0.0375833852600067
"C3_01060W",64.9065058149102,-1.73046082318798,0.439648856888829,-3.93600664729022,8.28486789398449e-05,0.000485431489227414
"C3_01130C",1530.17197800307,-1.47749190812693,0.208552017395106,-7.08452465040309,1.39522376701654e-12,5.11862213321128e-11
"C3_01250W",1329.9073463657,-1.1043583828313,0.157192779026041,-7.02550326849523,2.1329601850684e-12,7.29759973430707e-11
"C3_01270W",27.9530246693535,-2.59631921251053,0.504825420650024,-5.14300410856381,2.70379707223903e-07,3.03803028965604e-06
"C3_01320C",314.273161137396,-1.26212881517049,0.293010939291075,-4.30744605721598,1.65150353953737e-05,0.000118464741528653
"C3_01430W",247.761178179841,1.09871036188369,0.244019246190433,4.50255616733712,6.71410027631256e-06,5.35896077100177e-05
"C3_01460C",1265.25983360534,-1.0132735172982,0.161308571052064,-6.28158510542607,3.35138252694353e-10,7.21198572052512e-09
"C3_01520C",985.461282889772,1.25203802663529,0.128935981913346,9.71054013050243,2.7189244716488e-22,7.19923914449618e-20
"C3_01680C",266.065871132644,1.16980920579177,0.196227136972535,5.9615057521606,2.49924118191199e-09,4.38627631061787e-08
"C3_01710C",315.554392287178,1.4775064010729,0.300856431690755,4.91100154571933,9.0612373753088e-07,8.94374969459167e-06
"C3_01780C",108.260125337729,1.3127491313667,0.281848706179274,4.65763759983948,3.19858630415144e-06,2.77089482109278e-05
"C3_01850W",804.963875636595,1.23187933318137,0.174099789596099,7.07570833967841,1.4868729052339e-12,5.32650352522026e-11
"C3_01930W",1239.4067836922,-1.08331403756321,0.314939962003822,-3.43974778770711,0.000582256513460373,0.00258098384986394
"C3_01970C",16.815419710859,2.65093817469078,0.933374462493887,2.8401657439906,0.0045090099483976,0.0150995723543047
"C3_02040C",512.02909366847,1.21608077917938,0.223928125993376,5.43067456928277,5.61414306581289e-08,7.35271640232269e-07
"C3_02060W",145.893580805233,1.46752864524875,0.392322113520657,3.74062178672342,0.000183565572849029,0.000962889180577596
"C3_02130W",1091.61877680566,1.10416846297873,0.203225398035069,5.43322081617077,5.53458479733341e-08,7.27983183925712e-07
"C3_02180C",803.49050331906,1.1430086540031,0.177151584129904,6.45215034128592,1.1027409879013e-10,2.61310996743927e-09
"C3_02390W",197.589714259122,-1.20275057730401,0.245346464227886,-4.90225355840815,9.47434351621358e-07,9.32128465488542e-06
"C3_02440C",185.623462123231,1.12109833192,0.271053634242798,4.1360756333404,3.53295788197374e-05,0.000231850361004527
"C3_02460C",135.884144337391,1.04021297571667,0.276107239874456,3.7674237596582,0.000164940889361767,0.000875754155373287
"C3_02660W",43.1491108277312,3.05136848310081,0.508491716127223,6.00082240540839,1.96320622942356e-09,3.48569269305816e-08
"C3_02750W",41.2915330728519,-1.75441070135972,0.458090030766423,-3.82983820543846,0.0001282275395321,0.000705425217480118
"C3_02810C",633.714999785907,-1.40815940357486,0.204720364794825,-6.87845298139316,6.05060135936688e-12,1.88000827951757e-10
"C3_02870C",30.439697862074,-1.73279155871451,0.493307962387746,-3.51259596607223,0.000443751718091972,0.00205041575355092
"C3_02930W",23.2247672837384,1.27551614536634,0.471786549501669,2.70358734625568,0.00685954168650852,0.0213706545767151
"C3_03360W",366.881848146001,1.12961814062997,0.227203085402797,4.97184331201894,6.63192967022952e-07,6.73140861528297e-06
"C3_03460C",11.1257928360248,-2.00564141362187,0.837841993658472,-2.39381820057044,0.016674011168137,0.0447925575712193
"C3_03480C",2334.25289668731,-1.09289754602616,0.176232151230875,-6.20146516054496,5.59399048720292e-10,1.13558006890219e-08
"C3_03550C",317.123364343662,1.12235811230424,0.184323849216379,6.08905530714419,1.13578880726927e-09,2.17514271580813e-08
"C3_03650W",1095.26916711127,1.1633431911981,0.194704922523711,5.97490384998577,2.30225927605291e-09,4.06398811338035e-08
"C3_03690W",121.173170137507,-1.80151881599134,0.37595428813084,-4.79185601246386,1.65245481524176e-06,1.531727522804e-05
"C3_03870C",1281.31561456705,-1.24967103509532,0.269885599964526,-4.63037314795448,3.65007344076344e-06,3.1220431536867e-05
"C3_04000C",944.184845747374,-1.37698486477542,0.218920899348513,-6.28987396303043,3.17723825833166e-10,6.86148262171625e-09
"C3_04380C",1542.47557465429,1.02350885191128,0.146763266015387,6.97387622733862,3.08325370244422e-12,1.00951693805835e-10
"C3_04510W",484.517652437952,1.17353882885234,0.22394375691276,5.240328397766,1.60291085108938e-07,1.91782457428965e-06
"C3_04530C",760.948844284571,-1.13984462857584,0.20487621719315,-5.56357709153347,2.64300021952041e-08,3.67485646960715e-07
"C3_04680W",7325.19067928148,1.07434011213563,0.190897755544243,5.62782998193311,1.82490826641931e-08,2.67799791385388e-07
"C3_04840C",178.304953537635,-1.08916688296757,0.208158140860568,-5.23240108921388,1.67322191645784e-07,1.97766039558218e-06
"C3_04890W",319.313595404354,-1.05421934929543,0.214020924548356,-4.92577700764602,8.40257799542715e-07,8.3820772940493e-06
"C3_05050W",377.294687788732,-3.39251356586376,1.39586451075071,-2.43040319438971,0.0150820344425301,0.0412992759689787
"C3_05100C",6444.60050513,1.02687736737356,0.140310557103416,7.31860373568822,2.50564290053395e-13,1.09779606217638e-11
"C3_05220W",3793.91896458507,-1.65328652847768,0.20021575009766,-8.25752483344219,1.48724267570643e-16,1.29390112786459e-14
"C3_05280C",873.332446028733,-1.09158016818365,0.197247573303165,-5.53406133167439,3.12899479956242e-08,4.28215243355846e-07
"C3_05360C",1179.51751193094,-1.44323518852714,0.182641909075021,-7.90199355578531,2.74477612085175e-15,1.79738565333195e-13
"C3_05630W",36.6085632200545,5.51065181977813,1.28581795247919,4.28571697039461,1.82150771546665e-05,0.00012943969646665
"C3_05640W",6.40934802753501,4.58621692257536,1.55106456103177,2.95681884416506,0.00310830678062362,0.0109864122425989
"C3_05730C",479.764969900309,1.08369083260951,0.278156276063108,3.89597836132823,9.78031210802828e-05,0.000560848406194842
"C3_05770C",274.788906745867,1.20853054937133,0.279612579963783,4.32216086103089,1.54508469699169e-05,0.000112291098344842
"C3_06030W",1668.50718285063,1.10861990216384,0.159216233493282,6.96298284314471,3.33142406558744e-12,1.07916875316104e-10
"C3_06240C",311.368587968533,1.33246437902023,0.217950967893187,6.11359697963465,9.7410127741487e-10,1.88926012084604e-08
"C3_06450W",422.494627876677,-1.07521314027018,0.158927870256189,-6.76541589928158,1.32926792762068e-11,3.83736592276897e-10
"C3_06600C",223.728599461508,-1.03438272436726,0.19066336446928,-5.42517817854791,5.78967561740564e-08,7.53400096367529e-07
"C3_06680C",208.979171094094,-1.278371412108,0.248355425600638,-5.14734642505318,2.64197144201696e-07,2.97404918334257e-06
"C3_06700C",3277.60947505105,1.15369659737202,0.120001307327735,9.61403357232737,6.97613569472925e-22,1.63402563003466e-19
"C3_06760W",679.111840387413,1.31669049538706,0.251202299258969,5.24155431407762,1.5922959223551e-07,1.91263948069872e-06
"C3_06850W",540.331148242927,-1.32072448378481,0.206538337363997,-6.39457303976069,1.60996578335356e-10,3.71389834114515e-09
"C3_07070C",385.111160272288,-1.02838870070438,0.24693624945382,-4.16459188547244,3.1190999327775e-05,0.000208510632169209
"C3_07150C",5673.69967211644,1.01593447317896,0.187739186690729,5.41141405311695,6.25290040209624e-08,8.0507745134812e-07
"C3_07280C",722.582837140943,-1.26305184855111,0.187125037884012,-6.74977471124948,1.48074896639004e-11,4.19430753735598e-10
"C3_07400W",428.766704265945,1.29026590933275,0.174571408473207,7.39104943138941,1.45674445872259e-13,6.82428750278506e-12
"C3_07730W",481.692389661299,-1.03199007027077,0.189965505160172,-5.43251296808141,5.55659140774541e-08,7.29302622266585e-07
"C3_07820W",451.750741392172,1.15414070522309,0.190250680958284,6.06642088958495,1.30792103894657e-09,2.47367674757286e-08
"C3_07970C",481.773279805972,1.12121507533413,0.176745915580469,6.34365479763327,2.24377294856305e-10,5.07976849693271e-09
"C4_00080C",513.521047842622,-1.01300423905179,0.18576550381223,-5.45313429169136,4.94896657676974e-08,6.56627591558337e-07
"C4_00160C",3259.67871251504,2.83481361463702,0.147612811884246,19.2043873323137,3.40113028268944e-82,2.07128834215787e-78
"C4_00240C",300.107415076841,1.39484852646959,0.176213926143813,7.91565432422871,2.45956102086117e-15,1.64601391396094e-13
"C4_00430W",1768.27607187071,1.43539938959651,0.394369923801099,3.63972834378834,0.000272925820721495,0.00136239200671631
"C4_00440C",532.970783550913,-1.24859545429861,0.310330472163507,-4.02343812901736,5.73546565280375e-05,0.000353532245198126
"C4_00450C",54.8275593449728,1.86997169083071,0.478859935257006,3.90504937488055,9.42061488444535e-05,0.000542777148971355
"C4_00520W",616.713424152177,1.08262878189047,0.151519150533349,7.14516137451669,8.98902235041423e-13,3.50917603295017e-11
"C4_00650W",2169.55518608029,-1.03669999539451,0.192673378978238,-5.38060836889977,7.42345344269645e-08,9.47774244570679e-07
"C4_00660W",1169.40037616179,1.08464083386469,0.148025874625983,7.32737324880029,2.34707473915528e-13,1.04333468331793e-11
"C4_00680W",396.537812918308,-1.08963943188159,0.212697298412639,-5.12295849554075,3.00778574662656e-07,3.35483794816039e-06
"C4_00810C",192.555257694302,1.74070296129697,0.210070404111709,8.28628368026236,1.16841909521557e-16,1.03125685360331e-14
"C4_00820W",291.786088004136,1.29840102685914,0.190314702287259,6.82238950146555,8.95384975567987e-12,2.69945272337081e-10
"C4_00850C",34.6328856618433,-1.33498453084617,0.37310015449977,-3.57808624506209,0.000346119250612966,0.00166366711620597
"C4_00860C",227.777062467713,-1.32913141151548,0.285529581122718,-4.65496921996405,3.24029109949412e-06,2.80303590851125e-05
"C4_00980C",15.9774557973542,-2.28462480878988,0.790883142231048,-2.88870085452201,0.00386836889268772,0.0131905747796575
"C4_00990W",239.848770435827,-2.02083488173979,0.79567213680355,-2.53978339603304,0.0110921140719792,0.0320772479747035
"C4_01070W",10596.4070942068,-1.75060754168083,0.583484175356546,-3.00026567234853,0.00269744216231024,0.00974921232550111
"C4_01170C",42.3565280372818,-1.91937452091023,0.561494158646779,-3.41833390668924,0.000630057594619012,0.0027764477215845
"C4_01220C",20.3354172430769,1.87005758024846,0.513430753494541,3.64227808233217,0.000270235915740789,0.00135117957870395
"C4_01230C",309.356770370045,1.56212265891132,0.25120215029602,6.21858792637916,5.01648814301278e-10,1.03210854023472e-08
"C4_01250W",434.885115571353,1.42861260511653,0.254535013241263,5.61263689000779,1.99266458849028e-08,2.88250055674722e-07
"C4_01450W",1551.17563527556,1.0912639531463,0.159754661227742,6.83087394608553,8.43988708537735e-12,2.5699456174974e-10
"C4_01550C",1746.77513067942,-1.7790186933457,0.173806222953638,-10.2356444039419,1.3727820417068e-24,4.40012770210231e-22
"C4_01740W",198.548977395769,1.16480935967745,0.260755271309622,4.46705968330875,7.93020111415356e-06,6.20757387984514e-05
"C4_01760W",853.962333541821,1.14116707228296,0.215532063413667,5.29465107979197,1.19243870443241e-07,1.45530094388645e-06
"C4_01860C",194.666243559258,-1.06723164465018,0.266760555047051,-4.00071009172231,6.31526898807721e-05,0.000384984866240142
"C4_02080W",132.425342759542,1.11662998122979,0.390923198518254,2.85639221581692,0.00428485459487103,0.0144569332314485
"C4_02110W",419.438087123276,1.10754382195606,0.195182752490858,5.67439390941028,1.39180538996455e-08,2.09804327348616e-07
"C4_02220C",73.9950267869866,-1.34163397467653,0.347389873234962,-3.86204111876657,0.000112443635029634,0.00062971690578733
"C4_02260C",451.320493513106,1.84610586198906,0.153774819934689,12.0052545844186,3.33436254505322e-33,1.84602435448856e-30
"C4_02360W",2048.0498929768,-1.20044787953764,0.154077708500175,-7.79118466404422,6.63838093560162e-15,4.00274652453603e-13
"C4_02560C",9.53801092858372,-2.08853707415647,0.771935294673337,-2.70558567352498,0.00681840578124307,0.0212944057475745
"C4_02640C",172.208668288927,1.1095403413156,0.273535020910258,4.0563008627682,4.98560311370875e-05,0.000312369577803357
"C4_02720C",496.848482817672,-1.02072826322019,0.255260920979985,-3.99876432045086,6.36740448597933e-05,0.000387774933196141
"C4_02740W",2387.30349454974,-1.07246313470048,0.235550190357877,-4.55301323709847,5.28829442615712e-06,4.31711971250628e-05
"C4_02990C",938.070149579113,-1.35450002206424,0.22501590106079,-6.01957468640542,1.74875954403874e-09,3.18135411826823e-08
"C4_03030C",1099.33866351357,1.03640855798339,0.151906729326411,6.82266389763683,8.93675772544309e-12,2.69945272337081e-10
"C4_03300C",72.731008197476,-1.08070358240524,0.27457850267976,-3.9358637761444,8.28979883081298e-05,0.000485431489227414
"C4_03430W",606.841396953366,-1.59929758674202,0.224731108481533,-7.1164940072079,1.1070698757516e-12,4.18761213871258e-11
"C4_03470C",6.89757444612906,6.45758853601156,1.57598535949366,4.09749271914956,4.17649300160803e-05,0.000268017306425636
"C4_03510C",9.20766079855726,-2.05761934798793,0.753274309077684,-2.73156713721897,0.00630338967559215,0.0199416327918734
"C4_03730C",412.917789929083,1.22344577948332,0.223161867101258,5.48232453588582,4.19773263460988e-08,5.61850368017015e-07
"C4_03820C",399.418243123755,1.89139198743676,0.205099003394568,9.22184874686162,2.92021177651823e-20,5.73680313516001e-18
"C4_03890W",289.999868506267,-1.33375246741477,0.290960209437953,-4.58396861203521,4.56232753521601e-06,3.79052860702121e-05
"C4_03940C",6161.14337592705,-1.62738921751525,0.151621925008737,-10.7332050916876,7.10869381694339e-27,2.88612968967902e-24
"C4_03950C",557.283817217968,-1.0629125464259,0.226620269731636,-4.69028012227061,2.72831274122715e-06,2.41152751728205e-05
"C4_04030W",8269.49626901139,-2.44444717901323,0.345625861589107,-7.07252393606843,1.52140730564427e-12,5.41834531659276e-11
"C4_04140W",294.051088354351,-1.36308154940542,0.217730507623081,-6.26040679501419,3.83974512453552e-10,8.0913660236752e-09
"C4_04360W",37.4778101915674,-1.04703250374672,0.387453105744879,-2.70234639553038,0.00688519896204882,0.0214151489677617
"C4_04520W",483.552482347267,1.04829655666014,0.153169454005092,6.84403142564761,7.69950193677563e-12,2.36818014115978e-10
"C4_04820C",814.983468928861,1.05334230353249,0.201321783802414,5.23213277588621,1.67565314305485e-07,1.97766039558218e-06
"C4_04840C",308.110246006801,-1.20962040482925,0.299900461988323,-4.03340627356668,5.4974113273774e-05,0.000341276605338719
"C4_04900W",6059.37741933,1.07564373059312,0.16531600136737,6.50659174971692,7.68749581275298e-11,1.90312396340104e-09
"C4_05070C",1605.96761708145,-2.35633311110433,0.214781239824988,-10.9708516117346,5.27729819638716e-28,2.47221123199983e-25
"C4_05170C",294.950936304336,-1.10900208296964,0.310592312319994,-3.57060377536669,0.000356159311530724,0.00170519670379097
"C4_05350W",252.728427716602,-1.0821641835167,0.223794487480178,-4.83552653910899,1.32793655142003e-06,1.257719066586e-05
"C4_05400C",259.100429445246,-1.03722878855887,0.274511571157954,-3.77845197629957,0.000157806276043788,0.000848975460341579
"C4_05440C",468.48010999142,-1.70388664443385,0.180420955764858,-9.44395088259323,3.58982325520532e-21,8.0970457867409e-19
"C4_05730W",217.242400534243,1.6630196279213,0.299621330120459,5.55040466328851,2.85009104647536e-08,3.93584001656121e-07
"C4_06720W",3781.08784780394,1.31591409039093,0.205387941712575,6.40696858549009,1.48441389241674e-10,3.45041244458701e-09
"C4_06970C",6.73293093845723,-3.0593565129692,1.13160823656774,-2.7035474063431,0.00686036612438062,0.0213706545767151
"C4_07140W",555.735783348192,1.18313697306844,0.132231547303084,8.94746372706815,3.63743443918981e-19,5.1935030044657e-17
"C4_07150W",132.535943928487,1.69867759683627,0.28960567775022,5.86548444088638,4.47823261429843e-09,7.37092881650742e-08
"C4_07160W",44.7127681562717,1.40392281687892,0.440841773238805,3.18464107102304,0.00144933649613779,0.00571015601876931
"C4_07170C",16.4878626870983,1.64355137764028,0.579613271721192,2.83559997299522,0.00457396970092883,0.0152800194616876
"C5_00030W",866.248975695256,1.05828339384497,0.181726789807896,5.82348587659358,5.7632686952853e-09,9.28526623129298e-08
"C5_00410W",3.67689255790477,4.89547601919354,1.82530815366979,2.68199975404217,0.00731835135849607,0.022566460644679
"C5_00420C",675.127647320435,1.31577331554435,0.147965247156657,8.89244833383942,5.97769527142133e-19,7.91394873977302e-17
"C5_01010W",326.518966351408,1.59637762046787,0.346377304247328,4.608782391031,4.0503397762801e-06,3.42591239410358e-05
"C5_01020C",51.4986071507546,1.33175987975539,0.418778943519499,3.18010229588677,0.00147223070927011,0.00578444194803545
"C5_01040W",56.0905130966186,1.12230465918446,0.310056306002081,3.61968015956729,0.000294967384089693,0.0014592618757971
"C5_01060C",358.753800202264,1.14813111630379,0.191867079170449,5.98399225791008,2.17733667889216e-09,3.8546454576899e-08
"C5_01110W",492.290152514917,1.06331762991142,0.217913718075856,4.87953507149686,1.06336213732089e-06,1.03614006660548e-05
"C5_01250W",570.038234186797,-1.85375836860878,0.297818209451902,-6.22446280910892,4.83208747171661e-10,9.97539413652684e-09
"C5_01260W",148.422949585946,-1.26496806453288,0.307995436354026,-4.10710002559539,4.00657752443811e-05,0.00025902396097482
"C5_01360W",164.661971783703,2.6029961700378,1.03028494932973,2.52648179683807,0.0115211358797834,0.0330960931640946
"C5_01540W",18.2117273278226,1.54044539067614,0.528193585768589,2.91644092654892,0.00354049761203264,0.0122370206908506
"C5_01550C",2257.37205458093,1.21619206796142,0.223593733689057,5.43929406202739,5.34921013112546e-08,7.06652704957788e-07
"C5_01800C",911.96210586151,-1.00175396649432,0.212036973246408,-4.72443060828914,2.3076099217143e-06,2.08506593816619e-05
"C5_02220C",223.082521497139,-1.40706114298822,0.207994523480483,-6.76489514936798,1.33405775885183e-11,3.83736592276897e-10
"C5_02430W",53.5925175734904,1.10696655990923,0.435331907752578,2.54281053190887,0.0109964839553651,0.0318746250776647
"C5_02590C",416.885479602574,1.93930385340225,0.238046236447772,8.14675284239473,3.73826647956738e-16,2.93697800233873e-14
"C5_02600W",1072.73357139243,3.40546700461034,0.466906405581959,7.29368233953809,3.01596067169443e-13,1.29346482328303e-11
"C5_02660C",1417.20760335307,1.04833557660136,0.134323755980733,7.80454335085541,5.97173769648082e-15,3.63678825715682e-13
"C5_02680W",218.184972759651,-1.00709746321291,0.305814098452385,-3.29316885097668,0.00099064961725974,0.00409854359314661
"C5_02790C",121.345424191187,3.52060949922238,0.394198830873795,8.93105007799865,4.21984015077856e-19,5.84064239050942e-17
"C5_03080C",442.193730747991,-1.15457238394673,0.25371347594347,-4.55069396551875,5.34692704534716e-06,4.3591413261264e-05
"C5_03150W",1185.48969985878,-1.57976523046687,0.268606462223391,-5.88133739371107,4.06964633660871e-09,6.73482233422473e-08
"C5_03290C",307.146639079091,1.13313217916912,0.242817354961929,4.66660292608318,3.0622028448696e-06,2.66792780046579e-05
"C5_03410C",516.816457124315,1.54806141966608,0.22009694323679,7.03354347816003,2.01353192015127e-12,6.92791491170692e-11
"C5_03530C",113.912787385334,1.18600036253346,0.291497624429842,4.06864503562674,4.72873226326518e-05,0.00029873422700503
"C5_03650C",34.3241814886903,-1.16485596030611,0.474566542248599,-2.45456823565093,0.0141053891574596,0.0390818107228977
"C5_03770C",14.4677258884602,-4.45205233098891,0.935936862977151,-4.7567870302995,1.96698489999709e-06,1.8067779850652e-05
"C5_03790W",417.444553747301,1.16371434853107,0.26025244226208,4.47148291257603,7.76790675166657e-06,6.08835934590083e-05
"C5_03870C",522.731049370257,-1.16355232553839,0.156390068005643,-7.44006534670989,1.00635506256081e-13,4.90296186479626e-12
"C5_04140W",23.3772391684676,-1.30393218329417,0.542746717960614,-2.40246903416335,0.0162848132419966,0.0439798282233966
"C5_04220W",8.09073795053996,5.84431130727315,1.5133190292685,3.86191622139196,0.000112501148357408,0.00062971690578733
"C5_04260W",229.512250414581,-1.25948722336141,0.195001810089427,-6.4588488834222,1.05502397934813e-10,2.51964550361965e-09
"C5_04440C",1099.71095811584,-2.14321134391056,0.235345370746147,-9.10666454630338,8.4953572127729e-20,1.47819215502248e-17
"C5_04470C",1816.80186687451,-1.00003054066341,0.170593672375808,-5.86206115816773,4.57156573280833e-09,7.50426827838348e-08
"C5_04490C",853.043718626551,2.67000381722451,0.217628746367006,12.268617366944,1.33513766111799e-34,9.03443150689841e-32
"C5_04530W",722.746916020592,1.20652881740218,0.176328132746275,6.84252024115917,7.78119064898962e-12,2.38127894735411e-10
"C5_04880C",1714.21779940395,2.46513436576014,0.18556522814927,13.2844627754138,2.84895785828066e-40,2.47859333670418e-37
"C5_04940W",39.8611766832105,-1.32630159561093,0.416288295673561,-3.18601702088441,0.00144246110604141,0.00568950008794833
"C5_05190W",1114.60922137322,-1.39634674076953,0.226383410925687,-6.16806123319653,6.91323744618691e-10,1.38492158050257e-08
"C5_05250C",808.226920388754,1.00491162866026,0.156864645003627,6.40623404105508,1.49157944725586e-10,3.45388548813238e-09
"C5_05280C",315.373354799077,1.3043751804613,0.250416754432849,5.20881753066195,1.90047894428629e-07,2.21298599822247e-06
"C5_05480W",2103.5477375979,1.02157156633509,0.166875950716972,6.12174229986988,9.25576340640171e-10,1.80665381874957e-08
"C6_00370C",4235.94951930047,1.14939918323152,0.144439284864964,7.95766320988148,1.75318783477645e-15,1.21328567202143e-13
"C6_00480C",2592.34259434175,2.08936190438,0.727190575705518,2.87319717029185,0.00406340429954144,0.0137693970833277
"C6_00520W",92.6779937053326,1.30681195040089,0.278075018024703,4.69949425764237,2.60806555188506e-06,2.31532350014286e-05
"C6_00530C",125.7980832446,1.05163660959378,0.264803404023994,3.97138629493784,7.14556039465659e-05,0.000427470165063445
"C6_00620W",256.740213398552,1.13399634223236,0.231207540270427,4.90466851083664,9.35852500267131e-07,9.22223580360328e-06
"C6_00650C",6480.65315129618,1.04666246219009,0.139519384235206,7.5019142890252,6.28924939315621e-14,3.1394695741247e-12
"C6_00940C",83.9788449006949,1.248251323081,0.470356831914322,2.65383903960892,0.00795817783279167,0.0242690550834758
"C6_01170W",671.348999178218,1.08125359759021,0.171563515568055,6.30235160436142,2.93163180063047e-10,6.42217182224446e-09
"C6_01520W",109.122128199666,-1.25922664366795,0.249877203465686,-5.03938184917644,4.6703784211606e-07,4.97248331903288e-06
"C6_01700W",8680.70917689324,1.16113301206309,0.165979126469067,6.99565684411217,2.64019033653567e-12,8.73845605951208e-11
"C6_01780C",456.396954806381,-1.01917141515799,0.323335086100741,-3.15205945463169,0.0016212325883148,0.00629675157068696
"C6_01980C",1159.03840228324,1.09811019379704,0.141384516167281,7.76683489511539,8.04716267821478e-15,4.80462948140471e-13
"C6_02010C",5317.5124700389,1.431569859317,0.180310075218481,7.93948900294324,2.03015887827435e-15,1.37374084096564e-13
"C6_02080W",57.0595697583933,1.73225587546323,0.468930309090539,3.69405824678475,0.000220703212217354,0.00112577812197663
"C6_02230W",1098.42206635719,1.02167994412465,0.116034914516664,8.80493555220337,1.30927791227746e-18,1.62724540525913e-16
"C6_02290C",655.484899190409,1.19710654913652,0.184401544486186,6.49184665167596,8.47905433529044e-11,2.09058465189954e-09
"C6_02360W",449.628818592566,1.26255145021433,0.217006959290118,5.81802286131487,5.95477592226555e-09,9.51826387574729e-08
"C6_02370C",868.312839289989,1.07261885842056,0.187150939212038,5.73130363618055,9.96616782116088e-09,1.52115193059824e-07
"C6_02380W",1298.49582515694,1.30406002636334,0.181706578305295,7.17673536382552,7.13956921512705e-13,2.8794686437168e-11
"C6_02660C",116.792849297282,-1.10392727302479,0.254077432073347,-4.34484583702069,1.39373507881566e-05,0.000102386569722405
"C6_02860W",1150.11627800769,-1.26208322063612,0.178016719014878,-7.08968925851642,1.3441346649873e-12,4.96107885440768e-11
"C6_02900C",258.72807724058,1.047070366284,0.170955001841901,6.1248302477416,9.07803378181259e-10,1.77930175760008e-08
"C6_03050C",216.284727936019,-1.25544554319406,0.293900441466073,-4.27166947055772,1.94015000606096e-05,0.000136753628899436
"C6_03070C",29.6045428891725,2.56623157446712,1.09425637328195,2.34518311898915,0.0190177366906726,0.0498570884400328
"C6_03230W",1276.99168449788,-2.18423462143697,0.239126915085178,-9.1342064972441,6.58881819533066e-20,1.18017361204599e-17
"C6_03240W",221.769519019947,-1.9042757916002,0.351683537730762,-5.41474248094619,6.13769756657152e-08,7.91919029246199e-07
"C6_03360C",176.927976591684,1.80843191897035,0.239149734617903,7.56192316859454,3.97152963756117e-14,2.01555129106229e-12
"C6_03370W",4155.87444229871,-1.54234487546605,0.50321501080924,-3.06498185136755,0.00217683206010511,0.00809829398047657
"C6_03440W",354.08690644964,1.50924006909213,0.18524325803135,8.14734142085059,3.72012252270093e-16,2.93697800233873e-14
"C6_03490C",72.5283143805667,-1.08767042605213,0.410755836382487,-2.64797315025688,0.00809759562345755,0.0246448562453056
"C6_03540W",983.126971409115,-1.04924133841378,0.218166966941464,-4.80935016479967,1.5142174872412e-06,1.41652603645145e-05
"C6_03640W",1135.95772965596,1.092785193207,0.168685064606524,6.47825695627551,9.27882413546608e-11,2.27854995907211e-09
"C6_03780C",499.013396250425,-1.1040279287942,0.159374318045143,-6.92726370431579,4.29058356236225e-12,1.3544144382328e-10
"C6_03850C",247.715533467219,1.75095131313063,0.335720643949766,5.21550087754694,1.83321192203165e-07,2.15110994319321e-06
"C6_04070C",21.9465200202118,1.5734120210328,0.492229429042673,3.19650132275288,0.00139105188691858,0.00550813133376732
"C6_04130C",2441.54909361235,1.93131177234918,0.111819828946255,17.2716394806634,7.69256516904478e-67,2.34238609397414e-63
"C6_04160C",1347.79940238589,1.06238707647172,0.233095573460619,4.55773166645401,5.17090410966335e-06,4.22695382924158e-05
"C6_04210C",640.316883586477,-1.10017668547112,0.184776311271572,-5.95410027346064,2.61506439782385e-09,4.5502120522135e-08
"C6_04240W",172.409311898588,1.03341847142976,0.246258432271104,4.19647953533661,2.71095945057297e-05,0.00018446640283787
"C6_04380W",1148.38123132715,1.74324603233536,0.203085752523608,8.58379285928842,9.17952005681464e-18,9.63849605965538e-16
"C6_04400W",154.315872968488,-1.30296355021758,0.269712661147903,-4.83093209147889,1.35895352539491e-06,1.28310495653566e-05
"C6_04410C",452.836165290061,-1.49567154691784,0.247127494318288,-6.05222640663158,1.42857494027777e-09,2.66871821665388e-08
"C6_04490W",165.057364268485,-1.01079714258345,0.263499864118744,-3.83604426500937,0.000125031882192487,0.000690339222622163
"C7_00110W",71.8815354050019,-1.38357373380929,0.413704110365274,-3.34435578265753,0.000824738966371823,0.00349524029589729
"C7_00160C",731.32347649729,1.14409011460958,0.20885891407352,5.47781319119017,4.30614388863715e-08,5.73838430673966e-07
"C7_00280W",769.347537767923,-1.99747941855067,0.708250770513479,-2.820299675922,0.00479788196951731,0.0159058798009583
"C7_00310C",214.762248942252,-1.05627108471378,0.269807046610933,-3.91491289045889,9.0436852755554e-05,0.000522543105580004
"C7_00330C",235.398165328917,1.3900395931756,0.233549396271708,5.95180126930596,2.65207286311147e-09,4.60145975394553e-08
"C7_00350C",1734.37372954065,-1.42158022416384,0.419119639695523,-3.39182440888854,0.000694289185549743,0.00302394898585873
"C7_00690W",647.377470621218,1.54958630421715,0.148324416335855,10.4472772757007,1.50792149933179e-25,5.40190701819446e-23
"C7_00770W",281.11495375293,-1.32437877711428,0.343584636345852,-3.85459254290159,0.00011592252928122,0.000645899545583377
"C7_00990W",9519.69646932209,1.00738848771172,0.190581604585158,5.28586423597662,1.25112660909927e-07,1.52083054878534e-06
"C7_01030C",1572.9357946362,1.05568656911216,0.217336791125394,4.85737625758484,1.1895142803534e-06,1.13883197202636e-05
"C7_01070C",967.825696240236,-1.25699817249347,0.25919791054895,-4.84956907959366,1.23729974866983e-06,1.17921055859143e-05
"C7_01170C",859.554646773012,-1.42135738039208,0.268003442788978,-5.30350418487435,1.13600598565069e-07,1.39200733452972e-06
"C7_01430C",458.65689767277,-1.60065477472293,0.31264744934815,-5.11967962016064,3.06055146174319e-07,3.40745126179452e-06
"C7_01560C",174.10669632517,2.8382339184437,0.310199500751563,9.14970498523407,5.70892379919178e-20,1.05355593748721e-17
"C7_01700W",592.395923811928,-1.3330027823507,0.237767210611791,-5.60633562096639,2.06655054806701e-08,2.96124537358308e-07
"C7_01890C",830.031697076985,1.15657499922384,0.175397478696336,6.59402294616907,4.28065504180954e-11,1.09534408422773e-09
"C7_02010C",128.18662825903,-2.80357951132299,0.7169500531388,-3.91042513916966,9.21338125162768e-05,0.000531843524383058
"C7_02040C",4289.11657748932,-1.05826382809528,0.274817231099082,-3.85079139274837,0.000117736754053455,0.000654809892406888
"C7_02120C",454.992289410162,1.04411565039728,0.184277437983592,5.66599830029244,1.46170973368744e-08,2.18181673484228e-07
"C7_02150C",996.411938913326,-1.28864901845463,0.172607253200721,-7.46578718193317,8.28030845477582e-14,4.06669987819232e-12
"C7_02230W",32.957514268057,2.15307574754998,0.635945829789617,3.38562759073719,0.000710156871452108,0.00307599953566383
"C7_02340C",540.005048609626,1.24047318060943,0.147938216648431,8.38507593718916,5.06930207004114e-17,4.82375775102352e-15
"C7_02920W",370.469693089165,2.18124934972766,0.225684834981579,9.6650240141554,4.24520343933217e-22,1.07722037273054e-19
"C7_03090C",85.1444216105472,-1.21797558455272,0.33988934132561,-3.583447423807,0.000339089041938542,0.00163503742312409
"C7_03150W",45.5999103227579,-1.23776171649543,0.365341758807258,-3.38795576102877,0.000704156207992968,0.00305694081857112
"C7_03280C",1255.47144842317,-1.57145992479318,0.198799390774382,-7.90475221615054,2.68467080838925e-15,1.77713535033593e-13
"C7_03350C",208.850173886349,-1.60143530777668,0.208590760760074,-7.67740288180207,1.62346238148489e-14,9.15452398448427e-13
"C7_03460W",63.438329260969,-1.46781235608063,0.311510449557661,-4.71192012391523,2.45393570113632e-06,2.20095263916351e-05
"C7_03490W",1085.27813223365,-1.18088674022362,0.204459462318219,-5.77565218471374,7.66555783299524e-09,1.2031764743026e-07
"C7_03570W",2684.51495976206,-2.48288683165684,0.165127159873436,-15.0362110845962,4.25200206471195e-51,6.47367314352395e-48
"C7_03680W",261.424994286036,-1.20188693017444,0.228202359476001,-5.26675943638014,1.38852967984788e-07,1.68114229627705e-06
"C7_03700C",689.186565019659,1.2958997317625,0.195466095830301,6.62979288688289,3.3615820159252e-11,8.93975304671811e-10
"C7_03850W",707.201672210479,1.41031274931707,0.151558274668469,9.30541570496307,1.33469192097362e-20,2.70942459957645e-18
"C7_03920C",4119.24276768785,1.14561270530131,0.234618806071351,4.88286819153325,1.04553763757723e-06,1.02204240976651e-05
"C7_04190C",1307.99340561083,1.01540089627278,0.202424108814163,5.01620534343059,5.27020013731997e-07,5.52418568610647e-06
"CR_00150C",1640.10624120709,-1.24993221543741,0.161434108516786,-7.7426773494242,9.73448491376536e-15,5.75563234221661e-13
"CR_00210W",292.176744209352,-1.10942181778628,0.203327098072428,-5.45634019421793,4.8604830708851e-08,6.46295674709395e-07
"CR_00220W",336.026315459354,-1.1862224368892,0.223336717166339,-5.31136327219186,1.08808189527797e-07,1.34342517717674e-06
"CR_00330C",922.107359220911,-1.09233101834896,0.179369672091753,-6.08983116047736,1.1302982807281e-09,2.17145631849657e-08
"CR_00600C",717.963107354391,-1.36992622077853,0.181160988668499,-7.56192727168934,3.97140432827753e-14,2.01555129106229e-12
"CR_00610W",288.178687349357,-1.22387577364049,0.223207134175401,-5.4831391396242,4.17844117486195e-08,5.60500148786547e-07
"CR_00620C",5701.08378829084,-3.05161801213369,0.201512895213836,-15.1435371363974,8.35940361854383e-52,1.6969589345644e-48
"CR_00930W",654.318152857779,2.71591302454852,0.448224015105477,6.05927601605508,1.36735584243464e-09,2.57012255568734e-08
"CR_01200W",180.206538408131,-1.37241326758973,0.373751015613113,-3.67199876457426,0.000240660846119996,0.00122033684668674
"CR_01330W",2711.07575001702,-1.80034625072218,0.1413391309989,-12.7377764246774,3.64639778464946e-37,2.7758203135644e-34
"CR_01340W",30.1808170367218,2.07947165926735,0.540344009143508,3.84842179070977,0.000118881237879973,0.000659969679752993
"CR_01600C",174.323118924248,1.14120202451653,0.280985975806937,4.06141986709202,4.87751603042478e-05,0.000306758410840193
"CR_01710W",227.574886098924,1.01333185604515,0.20112970218339,5.03820094717384,4.69927938350722e-07,4.99452206728778e-06
"CR_01950W",1024.30228342869,1.11496587635781,0.138600690510597,8.04444676466139,8.66359111831305e-16,6.35677950729234e-14
"CR_02020C",712.133181677247,2.34070216038682,0.212501231273565,11.0150051665983,3.23518052019005e-28,1.64185411399645e-25
"CR_02060W",822.162007319014,-1.03702791259812,0.268288425194226,-3.86534719806628,0.000110931281630025,0.000623220945688981
"CR_02220C",2030.67129947356,1.76446821406955,0.163419480625437,10.7971718384895,3.54969185752436e-27,1.5441159580231e-24
"CR_02240C",340.300968728799,2.41978968036581,0.309135662902609,7.82759794727452,4.97279200141558e-15,3.12209312253823e-13
"CR_02330C",123.743346690776,1.94115641062576,0.298168241774593,6.51027218416244,7.50147557359219e-11,1.87930064515576e-09
"CR_02350C",742.132716257407,-1.08867449832663,0.141278360229628,-7.70588288650254,1.29941755565681e-14,7.46552161693395e-13
"CR_02490W",231.202640589534,1.1115660100214,0.383857582426548,2.89577713430763,0.00378220903269194,0.0129386956426928
"CR_02510W",1054.07409626045,-1.12416544792029,0.23098568427645,-4.86681870108825,1.13408975709389e-06,1.09802966942794e-05
"CR_02520W",503.253426660093,1.44300327048477,0.204634384611908,7.05161682979838,1.76850647800781e-12,6.15440254346718e-11
"CR_02530W",1859.5794670799,1.36630700094357,0.167388229093257,8.16250347079282,3.28151147659798e-16,2.66458731899756e-14
"CR_02710W",514.580896263464,1.66112577781663,0.185599487405564,8.95005584895187,3.55302548550307e-19,5.1935030044657e-17
"CR_02750C",13.5183121361875,1.88355100969914,0.696936766731987,2.70261392368682,0.00687966040515614,0.0214151489677617
"CR_02780W",33.0366716605857,-1.43734055245592,0.485046336536514,-2.96330565594885,0.00304354183900742,0.010795090156992
"CR_02880W",273.386236339943,-1.87351960031664,0.35119366623199,-5.33471921751298,9.56925164961168e-08,1.19491861298042e-06
"CR_02910W",653.669873381433,-1.01440992054511,0.213478581110626,-4.75181123683521,2.01602538658336e-06,1.84625482771318e-05
"CR_02980C",773.028756969425,1.03520956489434,0.200417807783368,5.16525740074605,2.40108267600204e-07,2.73319504614064e-06
"CR_03260W",344.414007445087,-1.05720221364962,0.263040001509934,-4.01916897650906,5.84037743559155e-05,0.000358909168342609
"CR_03370C",424.982007635475,1.16116962013452,0.159757112734996,7.26834380176025,3.63921624679195e-13,1.53908520437243e-11
"CR_03660C",245.053194354734,1.41175379550016,0.227444656972069,6.20702114657074,5.39983347838161e-10,1.10723858193077e-08
"CR_03730C",269.374016697672,-1.13422296295793,0.204942192909743,-5.53435555096964,3.12374742391624e-08,4.28215243355846e-07
"CR_03760W",598.268760287289,1.06712299767613,0.199862445746873,5.33928719669351,9.33127261385937e-08,1.17170000450317e-06
"CR_03770C",3739.35042185724,1.16583690632697,0.201751240232252,5.77858606958194,7.533100466749e-09,1.18544139127911e-07
"CR_03920C",956.59974747125,-1.34478795508206,0.234104126025292,-5.74440091216835,9.22469941848101e-09,1.42223846730505e-07
"CR_04010C",1422.2056764396,1.00050399802317,0.142634180958321,7.01447571192998,2.3081281730761e-12,7.85279361677846e-11
"CR_04060C",684.443843593349,1.06840330684669,0.213639032714161,5.00097427550218,5.70413240033356e-07,5.88782479966634e-06
"CR_04150W",102.551586103424,-1.09465838700583,0.308905223428958,-3.54367069243676,0.000394597783482904,0.00185281457317724
"CR_04360C",1785.08100186342,1.05592056221655,0.125838220330726,8.391095800953,4.81631653562282e-17,4.65577265110206e-15
"CR_04500C",1060.77152768122,-1.0675503649548,0.165041506988894,-6.46837504353762,9.90623848551598e-11,2.40354551301961e-09
"CR_04600W",588.417878512387,1.13135556972894,0.126218653961251,8.96345773166196,3.14653223439373e-19,4.79059532686446e-17
"CR_04640W",93.8774560391497,-1.03713536377791,0.353571580412342,-2.93331088027036,0.00335367900344271,0.0117176736264866
"CR_04750W",426.260551237601,1.11024775447618,0.165470995170983,6.70962154623499,1.95129825848095e-11,5.40154836097682e-10
"CR_04820W",380.451582963152,-3.55468204248992,0.333961726422491,-10.6439803164538,1.86009635503471e-26,7.07999175135088e-24
"CR_04860C",126.623781975495,-1.05970474103477,0.308331811142681,-3.43689720858671,0.000588418868176154,0.00260426664766917
"CR_05170C",3471.87206029882,-2.51079426508584,0.276024517735364,-9.09627262710424,9.34851286129953e-20,1.5814567590365e-17
"CR_05540C",466.463690583294,-1.07317347182062,0.186176536976298,-5.76427883583012,8.20077379390904e-09,1.27730722263187e-07
"CR_05940W",16.9459778967641,-1.63371974287613,0.650977774694023,-2.50963981626564,0.0120854361732282,0.0345055350656164
"CR_06040W",1688.73357117626,-1.00368226608828,0.171627016371465,-5.84804354994986,4.97388347734772e-09,8.09918459279348e-08
"CR_06100C",18.3090329704329,-1.51363245506396,0.557222022954713,-2.7163902227658,0.00659980781891072,0.0207179534109104
"CR_06120W",1033.84887657062,1.00088869430913,0.265881179904523,3.76442098936277,0.000166935439455007,0.000884801415388155
"CR_06150C",5382.57754822047,1.13501598174083,0.155539580727527,7.29728070779067,2.93641763796342e-13,1.26828251171612e-11
"CR_06310W",43.1377050569521,2.3943667917065,0.557010931211289,4.29859928691103,1.71880901747129e-05,0.000122570806983608
"CR_06330C",273.930382021303,1.43146967570341,0.200970476704314,7.12278588963851,1.05767061173266e-12,4.02575876590745e-11
"CR_06500C",368.756882783058,-1.36370025099374,0.258960875473396,-5.26604742319016,1.39392290453347e-07,1.68432350964461e-06
"CR_06510W",382.912597119407,-2.43646548267426,0.278559424391253,-8.74666325865211,2.19754244109076e-18,2.57366028196976e-16
"CR_06550C",177.041001874743,-1.13862001527138,0.293667197306485,-3.87724616748074,0.000105645453886488,0.000597937559636347
"CR_06570C",257.693440567691,1.10259994553388,0.217096778885205,5.07884064975881,3.79745047030614e-07,4.13862291249764e-06
"CR_06590C",478.390546072657,-1.34133652801926,0.222833389152109,-6.01945935087693,1.75000595996692e-09,3.18135411826823e-08
"CR_06730W",346.924978143214,-1.18668184186335,0.1766066240524,-6.71935069384064,1.82536111867111e-11,5.09928862968214e-10
"CR_06860C",188.367309570619,-1.12775682044318,0.239397530232324,-4.71081226004606,2.46731446028154e-06,2.20645301954693e-05
"CR_07060C",877.441406616158,-2.22891265222732,0.28535808899742,-7.81093208206717,5.67666003566112e-15,3.52763873644655e-13
"CR_07170W",168.18149820213,-1.51764739951019,0.576030673520454,-2.63466421021467,0.00842205548728444,0.0255175711032648
"CR_07740W",337.635250444276,-2.01374120854403,0.342211401534136,-5.88449478748053,3.99271721410628e-09,6.62551712095565e-08
"CR_07770C",552.623442922756,-1.00211593883643,0.198104079937556,-5.05853256102702,4.22495114672355e-07,4.54592800062658e-06
"CR_07780W",895.204516853292,-1.29109341289061,0.185236671171255,-6.96996660934902,3.17016218323356e-12,1.03242180191938e-10
"CR_08020C",1262.51712135127,1.36935141047533,0.160247188156466,8.54524454518535,1.28264380152218e-17,1.32394927987629e-15
"CR_08250C",4972.79871618318,-1.1032636841633,0.221052877590001,-4.99094920722809,6.00832971483067e-07,6.16005521267993e-06
"CR_08310C",90.9877251799572,-1.31768820381685,0.306525038730092,-4.2987946735964,1.7172947048904e-05,0.000122570806983608
"CR_08360C",6366.92487071487,1.31471517460903,0.224612275038547,5.85326502918598,4.82015081032729e-09,7.86989770372472e-08
"CR_08480C",3180.18131312856,1.08006050633811,0.151339597161628,7.13666830488931,9.56202092190646e-13,3.68561439331711e-11
"CR_08830W",938.993138916065,-4.91447259654153,0.566000078681534,-8.68281256778183,3.86100353370351e-18,4.35435398523229e-16
"CR_08850W",370.920125288622,-6.22150492125379,1.00857158563,-6.16862998115056,6.88842120300379e-10,1.38450445961363e-08
"CR_08860W",1258.67614410559,-1.7789550252452,0.196245046006849,-9.06496781163648,1.24641048041998e-19,1.99753679625201e-17
"CR_08920W",695.511139474498,-1.66579422963613,0.189703947028104,-8.78102040433217,1.61998153363527e-18,1.93444853722329e-16
"CR_08990C",387.83311742918,-1.95710585108579,0.488411739218084,-4.00708192276253,6.14735450888647e-05,0.000375500390763476
"CR_09070C",1528.97111176891,-1.02325352833091,0.210291070468595,-4.86589148103519,1.13942028203864e-06,1.10143960597068e-05
"CR_09530C",710.840287597945,1.30113152744143,0.17777545611576,7.31896042271539,2.49899279305224e-13,1.09779606217638e-11
"CR_09610C",576.615920370835,-1.37520388452744,0.244389682843013,-5.6270946814511,1.83270143783422e-08,2.68296917221404e-07
"CR_09680C",16.1066521478503,-3.11092529717119,0.71394875791962,-4.35735094803741,1.31646090622298e-05,9.71787505320962e-05
"CR_09950C",4238.16018261846,1.05551459227047,0.170311754822242,6.19754398850584,5.7351013261018e-10,1.16035771016478e-08
"CR_10570C",481.008553966388,-1.41004382712045,0.199246672401375,-7.07687516246181,1.47441239379177e-12,5.31311921786501e-11
"CR_10690W",200.180282769203,1.40994813330461,0.223913587686394,6.29684043685343,3.0377368900146e-10,6.63075901798886e-09
"CR_10750C",484.960870033482,1.17104485176131,0.17594223135037,6.65584858605837,2.81670116913783e-11,7.59013722126079e-10
"CR_10790W",182.548154162895,-1.28037383268769,0.23217557356709,-5.51467931366049,3.49416493983395e-08,4.74988046508677e-07
