baseMean,log2FoldChange,lfcSE,stat,pvalue,padj
4383.884031,1.176281213,0.15325352,7.67539442,1.65E-14,9.21E-13
87.10917293,1.115864492,0.33687482,3.312401002,0.000924989,0.003855702
94.72054902,-1.710984788,0.394273301,-4.339590799,1.43E-05,0.000104613
501.2080929,-1.326280796,0.235981678,-5.620270215,1.91E-08,2.78E-07
328.2248313,1.152148321,0.161286418,7.143492516,9.10E-13,3.53E-11
344.0152227,-1.718160108,0.240125475,-7.155259589,8.35E-13,3.32E-11
436.7091863,-1.160358261,0.171531301,-6.764702739,1.34E-11,3.84E-10
907.7169661,1.159565144,0.188352862,6.156344702,7.44E-10,1.48E-08
820.9406342,-1.406721717,0.227551527,-6.181991989,6.33E-10,1.28E-08
3354.056054,1.089395128,0.195072197,5.584574056,2.34E-08,3.31E-07
175.2428178,-1.647023874,0.359387398,-4.582864853,4.59E-06,3.81E-05
167.0622484,-1.136796476,0.288557214,-3.939587792,8.16E-05,0.000480267
403.5505401,-1.307323878,0.525266736,-2.488876199,0.012814758,0.036113779
597.9046303,1.101404266,0.168102541,6.55197869,5.68E-11,1.45E-09
318.2090717,-2.496463547,0.324424113,-7.695061652,1.41E-14,8.05E-13
7.81268692,-3.564996877,1.191564584,-2.991862065,0.002772815,0.009954505
576.4409105,-1.179575814,0.159304012,-7.404558103,1.32E-13,6.21E-12
2317.431718,-2.715095327,0.391946636,-6.927206605,4.29E-12,1.35E-10
1741.503387,-1.273508956,0.52759311,-2.413808924,0.015786739,0.04284369
527.596287,-1.193010986,0.212521936,-5.613589872,1.98E-08,2.87E-07
586.1134469,1.320772016,0.186072539,7.098156588,1.26E-12,4.72E-11
53.49545486,-1.063601005,0.325517979,-3.267410935,0.00108536,0.004436136
3703.176428,-1.277755392,0.173592896,-7.36064333,1.83E-13,8.38E-12
2614.823796,-1.0983997,0.144497442,-7.601516556,2.93E-14,1.55E-12
5678.740494,1.190642785,0.257057358,4.631817566,3.62E-06,3.11E-05
580.2902369,1.248658399,0.179812426,6.944227521,3.81E-12,1.22E-10
1631.092253,1.083796957,0.20709757,5.233267386,1.67E-07,1.97E-06
220.3096901,-1.245353681,0.226603534,-5.495738114,3.89E-08,5.25E-07
264.2628948,-1.019827024,0.220722168,-4.620410514,3.83E-06,3.26E-05
915.6439548,1.263805815,0.167066424,7.564690625,3.89E-14,2.01E-12
2712.206406,1.070492867,0.246792088,4.337630408,1.44E-05,0.000105297
125.5352809,-1.099685652,0.240771101,-4.567349015,4.94E-06,4.07E-05
177.9060554,-1.00884604,0.334693099,-3.014242131,0.002576221,0.009366679
1997.291532,-1.170534162,0.16108921,-7.266372236,3.69E-13,1.55E-11
582.287851,-1.806119002,0.214135938,-8.434450645,3.33E-17,3.38E-15
35.79726769,-1.793898929,0.634746191,-2.826167303,0.004710865,0.015658618
3484.706331,-4.300513442,0.439643649,-9.781816379,1.35E-22,3.73E-20
2547.894208,1.020424306,0.229049823,4.455032073,8.39E-06,6.51E-05
543.5044352,3.666017909,0.627873255,5.838786541,5.26E-09,8.54E-08
1306.656597,1.824083546,0.361912275,5.040126214,4.65E-07,4.96E-06
1002.225185,1.074256456,0.239297306,4.489212497,7.15E-06,5.65E-05
511.5655237,1.202843645,0.190187023,6.324530579,2.54E-10,5.67E-09
84.22231996,-1.014518465,0.271451163,-3.737388543,0.000185941,0.000974513
2523.287473,-2.459046118,0.372130782,-6.608015876,3.90E-11,1.01E-09
491.9613763,-1.12012058,0.173229482,-6.466108225,1.01E-10,2.42E-09
238.1767505,-1.64264801,0.195424893,-8.405520826,4.26E-17,4.18E-15
358.58381,1.323600528,0.171727944,7.707543099,1.28E-14,7.44E-13
839.6625185,-1.3866015,0.235826564,-5.879751104,4.11E-09,6.78E-08
49.69488706,2.657589119,0.460610193,5.76971409,7.94E-09,1.24E-07
752.2376359,-1.352509313,0.184190844,-7.342977997,2.09E-13,9.35E-12
690.2067795,1.072131849,0.180576919,5.937258526,2.90E-09,5.00E-08
1132.045558,-1.041171448,0.264956381,-3.929595676,8.51E-05,0.000495741
4363.298421,1.453063032,0.276025368,5.264237279,1.41E-07,1.70E-06
6590.532317,1.178559667,0.186321143,6.325420986,2.53E-10,5.65E-09
4511.116866,-5.32411993,0.441849912,-12.04961184,1.95E-33,1.19E-30
92.4230139,-1.66434415,0.297158278,-5.600867526,2.13E-08,3.05E-07
666.5979993,1.12575577,0.165933074,6.784396543,1.17E-11,3.45E-10
31.1570136,3.370358094,1.415672563,2.38074692,0.017277577,0.046169568
155.5909591,1.676758357,0.367124908,4.567269391,4.94E-06,4.07E-05
4471.381412,1.204994499,0.165120368,7.297673268,2.93E-13,1.27E-11
2026.489315,-4.172960134,0.470937174,-8.860969925,7.93E-19,1.01E-16
39.28811791,-2.131641308,0.495500907,-4.301992744,1.69E-05,0.000120991
19.89143703,-1.283684678,0.493815664,-2.599521992,0.00933537,0.027719357
31.18698774,-1.390156951,0.566906386,-2.452180792,0.01419933,0.039270626
1023.917055,1.036902489,0.164404163,6.307033035,2.84E-10,6.25E-09
148.2420599,-3.736342004,0.41142631,-9.081436741,1.07E-19,1.76E-17
313.8810562,1.027074738,0.25760103,3.987075427,6.69E-05,0.000403343
2924.839539,-1.001211881,0.219657762,-4.55805373,5.16E-06,4.23E-05
826.212962,-1.040605147,0.296452364,-3.510193454,0.000447781,0.002063809
265.5394915,1.013552762,0.305299185,3.319867237,0.000900603,0.003777321
2326.646672,1.129605475,0.143844611,7.852956498,4.06E-15,2.60E-13
3445.510355,-1.450368017,0.173372757,-8.365605098,5.98E-17,5.52E-15
584.3397985,1.509521397,0.156922447,9.619537734,6.61E-22,1.61E-19
174.3014432,-1.027937961,0.277895152,-3.699013657,0.000216439,0.001109523
475.9671261,1.361860024,0.267307017,5.094741016,3.49E-07,3.86E-06
751.6710749,1.009088426,0.167073678,6.039780991,1.54E-09,2.84E-08
495.8635049,1.158738893,0.200510824,5.778934381,7.52E-09,1.19E-07
132.9060862,-3.655499058,0.584238629,-6.25685957,3.93E-10,8.25E-09
222.8986827,-1.87385004,0.210612666,-8.897138397,5.73E-19,7.76E-17
3675.156073,-1.721961289,0.116339843,-14.80113128,1.44E-49,1.75E-46
55.0387283,-1.750505339,0.493314639,-3.548456099,0.000387497,0.0018251
329.1555565,-1.040467891,0.229106079,-4.541424196,5.59E-06,4.53E-05
410.1065585,-1.157389844,0.184577332,-6.270487444,3.60E-10,7.69E-09
1069.685683,1.259714899,0.201109963,6.263811501,3.76E-10,8.00E-09
3910.844245,-1.016668679,0.195967543,-5.187944217,2.13E-07,2.45E-06
455.7121244,-1.266374705,0.262392543,-4.826260272,1.39E-06,1.31E-05
467.1742333,1.233972848,0.141297505,8.733153858,2.48E-18,2.85E-16
33.80984694,-1.652740894,0.483816168,-3.41605139,0.000635363,0.002795779
1109.643902,1.085835922,0.245417186,4.424449409,9.67E-06,7.34E-05
72.7603476,-3.381495429,0.377965584,-8.946569666,3.67E-19,5.19E-17
770.8927704,-1.55516722,0.258722678,-6.010942804,1.84E-09,3.31E-08
259.214853,-1.493769269,0.197074535,-7.579717344,3.46E-14,1.82E-12
609.3289333,1.003053326,0.149360264,6.715663833,1.87E-11,5.21E-10
126.4764412,-1.152719433,0.312042748,-3.694107432,0.000220661,0.001125778
1389.271949,-1.574757007,0.240868163,-6.537837901,6.24E-11,1.58E-09
1344.888325,-1.594567423,0.169778138,-9.3920657,5.88E-21,1.24E-18
297.6262865,1.23881785,0.258808079,4.786627439,1.70E-06,1.57E-05
817.9832457,-1.026672424,0.152004894,-6.754206364,1.44E-11,4.09E-10
1256.914634,-1.433164814,0.229983967,-6.231585762,4.62E-10,9.63E-09
886.3585056,1.219975459,0.134732107,9.054823608,1.37E-19,2.14E-17
519.3773517,1.219982772,0.172558171,7.069979724,1.55E-12,5.49E-11
2813.338416,1.282117437,0.157392299,8.145998541,3.76E-16,2.94E-14
1757.888342,1.332222314,0.17965208,7.415568555,1.21E-13,5.85E-12
150.0700617,1.123451085,0.292351039,3.842815433,0.000121631,0.000672781
49.89333798,-1.41625705,0.390578374,-3.626050868,0.000287789,0.001427226
3444.17058,-1.544303452,0.193897623,-7.964530105,1.66E-15,1.16E-13
2072.043362,-1.384822741,0.43734986,-3.166395759,0.001543407,0.006025222
766.7593394,1.031263224,0.173045149,5.959503795,2.53E-09,4.43E-08
86.40674899,2.019868178,0.40284102,5.014057847,5.33E-07,5.57E-06
120.3789461,-1.043588606,0.314544394,-3.317778431,0.000907364,0.003797834
311.4946992,2.763274386,0.555642103,4.973119155,6.59E-07,6.71E-06
822.4909032,1.44833159,0.223652132,6.475822879,9.43E-11,2.31E-09
1903.150061,1.078080069,0.145520628,7.408434681,1.28E-13,6.13E-12
3375.426288,-1.059512043,0.11935864,-8.876710101,6.89E-19,8.92E-17
672.8505762,-1.608373198,0.280594811,-5.73201334,9.92E-09,1.52E-07
197.9247784,-1.172684312,0.290479581,-4.0370628,5.41E-05,0.000337378
276.5948139,-1.129805644,0.232335173,-4.862826533,1.16E-06,1.12E-05
372.3885513,1.208497557,0.235884234,5.12326549,3.00E-07,3.35E-06
623.6203749,1.192464249,0.185362184,6.433158173,1.25E-10,2.94E-09
12.64057855,-2.101508017,0.746862894,-2.813780193,0.00489627,0.016179209
501.0822865,1.128210146,0.228028435,4.947673059,7.51E-07,7.56E-06
445.4652086,-2.416322269,0.970323889,-2.490222384,0.012766319,0.036030007
1037.310174,1.410136405,0.223578501,6.307119851,2.84E-10,6.25E-09
174.2184206,-1.7077608,0.287718235,-5.935532033,2.93E-09,5.02E-08
29.09577082,2.771447335,0.559458442,4.953803762,7.28E-07,7.35E-06
123.3554636,1.085499693,0.321631861,3.374975629,0.000738222,0.003172741
398.7153806,-1.466681933,0.206371386,-7.107002392,1.19E-12,4.46E-11
17309.60945,-1.184536052,0.222551881,-5.32251648,1.02E-07,1.27E-06
1003.059154,-1.283115107,0.16989794,-7.552269948,4.28E-14,2.15E-12
342.9941798,1.485463909,0.186834045,7.950713188,1.85E-15,1.27E-13
987.9733023,-1.184266752,0.236654784,-5.004195285,5.61E-07,5.82E-06
1369.207376,-1.219551969,0.180336042,-6.762663488,1.35E-11,3.87E-10
296.7223759,1.874595153,0.292294937,6.413368541,1.42E-10,3.32E-09
187.5495757,1.201225615,0.243508056,4.933001537,8.10E-07,8.12E-06
560.6136093,1.151487626,0.225993122,5.095233058,3.48E-07,3.86E-06
174.0578482,1.2188124,0.19200959,6.347664207,2.19E-10,4.97E-09
8119.046946,1.295269224,0.161324233,8.028981147,9.83E-16,7.13E-14
4702.60512,-1.125363936,0.20222244,-5.564980516,2.62E-08,3.65E-07
243.5120466,-1.031752641,0.171887002,-6.002505296,1.94E-09,3.46E-08
79.07014983,-1.324117093,0.337284174,-3.925820405,8.64E-05,0.000501321
637.0784612,-1.791793899,0.719604186,-2.489971476,0.012775335,0.03603603
280.9817918,-1.076106519,0.237670274,-4.527728693,5.96E-06,4.81E-05
2580.48015,1.293649668,0.178603898,7.243121119,4.38E-13,1.80E-11
10013.84172,1.468601946,0.219631142,6.686674463,2.28E-11,6.28E-10
100.8433206,1.263097292,0.27551635,4.584473082,4.55E-06,3.79E-05
366.9340669,-1.021541999,0.204120493,-5.004602837,5.60E-07,5.82E-06
30.26911406,-1.371044409,0.557435106,-2.459558778,0.013910792,0.038612909
83.73016203,-1.058105634,0.362234026,-2.921055334,0.003488479,0.012098425
172.7193665,-1.009415416,0.286434469,-3.524071039,0.00042497,0.00198016
556.4400316,1.001588649,0.143154713,6.996546816,2.62E-12,8.73E-11
956.7767888,1.017331372,0.217939524,4.667952629,3.04E-06,2.66E-05
36.05673606,-1.779896729,0.459497924,-3.873568594,0.000107253,0.000605349
117.7537316,1.195559716,0.252015925,4.743984785,2.10E-06,1.90E-05
316.9612949,1.030327156,0.218835501,4.708226723,2.50E-06,2.23E-05
1041.523976,1.093476477,0.142920515,7.65094135,2.00E-14,1.09E-12
11.28104489,-2.502743603,0.912953844,-2.741369259,0.00611837,0.019477719
62.96535337,4.180789701,0.486297255,8.597189598,8.17E-18,8.73E-16
24.6112954,2.727874729,0.620558068,4.395841213,1.10E-05,8.29E-05
2375.53135,1.159227315,0.149815556,7.737696587,1.01E-14,5.93E-13
8428.801815,-1.486380544,0.143578047,-10.3524221,4.08E-25,1.38E-22
902.3497903,-1.00199086,0.179808773,-5.572535989,2.51E-08,3.51E-07
303.5201786,1.418270576,0.174456046,8.129672842,4.30E-16,3.32E-14
969.7086123,1.247846101,0.142067383,8.783480607,1.58E-18,1.93E-16
1952.94213,1.53909778,0.238777867,6.445730489,1.15E-10,2.72E-09
525.3107046,-1.976447663,0.210451874,-9.39144719,5.92E-21,1.24E-18
2017.566708,-1.32310578,0.272329464,-4.858474584,1.18E-06,1.14E-05
1338.322212,-1.40919725,0.169268407,-8.325223066,8.42E-17,7.54E-15
232.867865,-1.685174411,0.306333782,-5.501105362,3.77E-08,5.12E-07
12863.47893,1.085794026,0.132394098,8.201226824,2.38E-16,1.99E-14
5047.550013,1.147786115,0.164112105,6.993915019,2.67E-12,8.80E-11
887.811914,-1.86187882,0.424436414,-4.386708486,1.15E-05,8.60E-05
4428.094875,-1.176214081,0.181919938,-6.465558936,1.01E-10,2.42E-09
497.2681547,-1.076427923,0.184557959,-5.832465486,5.46E-09,8.85E-08
477.4569633,1.322030069,0.223558723,5.913569592,3.35E-09,5.66E-08
1279.510718,1.063129073,0.187585452,5.667438819,1.45E-08,2.17E-07
646.801144,1.082987492,0.142130351,7.619677893,2.54E-14,1.36E-12
1005.51628,1.224779139,0.21804048,5.617209894,1.94E-08,2.82E-07
285.1134228,-1.902135769,0.319825574,-5.947416101,2.72E-09,4.71E-08
79.34290862,1.192948376,0.357387044,3.337973202,0.000843919,0.003572549
74.04886804,2.150011969,0.533637557,4.028974239,5.60E-05,0.000347067
2670.768437,-1.092773834,0.167115386,-6.539037849,6.19E-11,1.57E-09
7031.67336,1.047962963,0.141497332,7.406238303,1.30E-13,6.18E-12
348.5140261,-1.74417488,0.206951152,-8.427954434,3.52E-17,3.51E-15
131.6239418,1.081075064,0.275655363,3.92183578,8.79E-05,0.000509201
383.8390796,-1.94773986,0.257048024,-7.577338378,3.53E-14,1.84E-12
1001.953245,1.307413263,0.258143813,5.064670151,4.09E-07,4.43E-06
647.2876349,1.741966027,0.240487407,7.243481275,4.37E-13,1.80E-11
4149.081931,1.405196471,0.138866716,10.11903006,4.55E-24,1.39E-21
65.74893819,-1.014147599,0.38000766,-2.668755675,0.007613281,0.023334112
784.3365904,2.37120395,0.170629696,13.89678354,6.63E-44,6.72E-41
5798.218774,1.016589956,0.141676306,7.175440847,7.21E-13,2.89E-11
546.2102079,-1.064326013,0.227676268,-4.674734094,2.94E-06,2.59E-05
243.6278211,1.721660508,0.560013694,3.074318584,0.00210984,0.007882776
890.438022,-1.605784353,0.198323062,-8.096811001,5.64E-16,4.24E-14
19.45633914,-1.445048293,0.518412107,-2.787450899,0.00531245,0.017328775
228.2742289,1.568354412,0.231330475,6.77971379,1.20E-11,3.54E-10
4671.197456,1.220781365,0.262962081,4.642423572,3.44E-06,2.97E-05
7227.760671,-3.31571788,0.479203193,-6.919231613,4.54E-12,1.43E-10
784.6466644,1.235413273,0.207377606,5.957312838,2.56E-09,4.47E-08
2910.390816,1.050110058,0.131133801,8.007928149,1.17E-15,8.36E-14
672.6576166,1.050761018,0.154768502,6.789243321,1.13E-11,3.35E-10
93.77369892,-1.16656191,0.261583619,-4.459613775,8.21E-06,6.40E-05
13.59661126,1.582321915,0.63752699,2.481968513,0.013065882,0.036651875
831.9705458,-1.064521903,0.209562286,-5.079739878,3.78E-07,4.13E-06
592.3236908,-1.215384246,0.17232415,-7.052895628,1.75E-12,6.13E-11
2057.854926,-1.827942489,0.222088704,-8.230686469,1.86E-16,1.57E-14
633.105456,1.052110902,0.213263983,4.933373598,8.08E-07,8.12E-06
126.5882191,3.236284644,1.302005007,2.485616127,0.012932738,0.036362132
295.0804471,1.072227075,0.220391642,4.86509862,1.14E-06,1.10E-05
5.418164616,4.374925412,1.488333814,2.939478611,0.00328765,0.011513391
70.84793787,-4.389880757,0.786088455,-5.584461558,2.34E-08,3.31E-07
309.9653923,1.105192775,0.227541834,4.85709707,1.19E-06,1.14E-05
12095.71552,1.015140651,0.144013826,7.048911068,1.80E-12,6.24E-11
223.2074831,1.145534249,0.272675102,4.201095878,2.66E-05,0.000180947
5032.048461,1.763687427,0.44204237,3.989860582,6.61E-05,0.000399824
1313.435884,1.000169556,0.163057666,6.133839526,8.58E-10,1.70E-08
324.9438979,1.153136619,0.201143167,5.732914699,9.87E-09,1.51E-07
3127.024205,-1.079266153,0.167942346,-6.426408688,1.31E-10,3.06E-09
1034.43121,-3.427085731,1.386623211,-2.471533509,0.013453494,0.037583385
64.90650581,-1.730460823,0.439648857,-3.936006647,8.28E-05,0.000485431
1530.171978,-1.477491908,0.208552017,-7.08452465,1.40E-12,5.12E-11
1329.907346,-1.104358383,0.157192779,-7.025503268,2.13E-12,7.30E-11
27.95302467,-2.596319213,0.504825421,-5.143004109,2.70E-07,3.04E-06
314.2731611,-1.262128815,0.293010939,-4.307446057,1.65E-05,0.000118465
247.7611782,1.098710362,0.244019246,4.502556167,6.71E-06,5.36E-05
1265.259834,-1.013273517,0.161308571,-6.281585105,3.35E-10,7.21E-09
985.4612829,1.252038027,0.128935982,9.710540131,2.72E-22,7.20E-20
266.0658711,1.169809206,0.196227137,5.961505752,2.50E-09,4.39E-08
315.5543923,1.477506401,0.300856432,4.911001546,9.06E-07,8.94E-06
108.2601253,1.312749131,0.281848706,4.6576376,3.20E-06,2.77E-05
804.9638756,1.231879333,0.17409979,7.07570834,1.49E-12,5.33E-11
1239.406784,-1.083314038,0.314939962,-3.439747788,0.000582257,0.002580984
16.81541971,2.650938175,0.933374462,2.840165744,0.00450901,0.015099572
512.0290937,1.216080779,0.223928126,5.430674569,5.61E-08,7.35E-07
145.8935808,1.467528645,0.392322114,3.740621787,0.000183566,0.000962889
1091.618777,1.104168463,0.203225398,5.433220816,5.53E-08,7.28E-07
803.4905033,1.143008654,0.177151584,6.452150341,1.10E-10,2.61E-09
197.5897143,-1.202750577,0.245346464,-4.902253558,9.47E-07,9.32E-06
185.6234621,1.121098332,0.271053634,4.136075633,3.53E-05,0.00023185
135.8841443,1.040212976,0.27610724,3.76742376,0.000164941,0.000875754
43.14911083,3.051368483,0.508491716,6.000822405,1.96E-09,3.49E-08
41.29153307,-1.754410701,0.458090031,-3.829838205,0.000128228,0.000705425
633.7149998,-1.408159404,0.204720365,-6.878452981,6.05E-12,1.88E-10
30.43969786,-1.732791559,0.493307962,-3.512595966,0.000443752,0.002050416
23.22476728,1.275516145,0.47178655,2.703587346,0.006859542,0.021370655
366.8818481,1.129618141,0.227203085,4.971843312,6.63E-07,6.73E-06
11.12579284,-2.005641414,0.837841994,-2.393818201,0.016674011,0.044792558
2334.252897,-1.092897546,0.176232151,-6.201465161,5.59E-10,1.14E-08
317.1233643,1.122358112,0.184323849,6.089055307,1.14E-09,2.18E-08
1095.269167,1.163343191,0.194704923,5.97490385,2.30E-09,4.06E-08
121.1731701,-1.801518816,0.375954288,-4.791856012,1.65E-06,1.53E-05
1281.315615,-1.249671035,0.2698856,-4.630373148,3.65E-06,3.12E-05
944.1848457,-1.376984865,0.218920899,-6.289873963,3.18E-10,6.86E-09
1542.475575,1.023508852,0.146763266,6.973876227,3.08E-12,1.01E-10
484.5176524,1.173538829,0.223943757,5.240328398,1.60E-07,1.92E-06
760.9488443,-1.139844629,0.204876217,-5.563577092,2.64E-08,3.67E-07
7325.190679,1.074340112,0.190897756,5.627829982,1.82E-08,2.68E-07
178.3049535,-1.089166883,0.208158141,-5.232401089,1.67E-07,1.98E-06
319.3135954,-1.054219349,0.214020925,-4.925777008,8.40E-07,8.38E-06
377.2946878,-3.392513566,1.395864511,-2.430403194,0.015082034,0.041299276
6444.600505,1.026877367,0.140310557,7.318603736,2.51E-13,1.10E-11
3793.918965,-1.653286528,0.20021575,-8.257524833,1.49E-16,1.29E-14
873.332446,-1.091580168,0.197247573,-5.534061332,3.13E-08,4.28E-07
1179.517512,-1.443235189,0.182641909,-7.901993556,2.74E-15,1.80E-13
36.60856322,5.51065182,1.285817952,4.28571697,1.82E-05,0.00012944
6.409348028,4.586216923,1.551064561,2.956818844,0.003108307,0.010986412
479.7649699,1.083690833,0.278156276,3.895978361,9.78E-05,0.000560848
274.7889067,1.208530549,0.27961258,4.322160861,1.55E-05,0.000112291
1668.507183,1.108619902,0.159216233,6.962982843,3.33E-12,1.08E-10
311.368588,1.332464379,0.217950968,6.11359698,9.74E-10,1.89E-08
422.4946279,-1.07521314,0.15892787,-6.765415899,1.33E-11,3.84E-10
223.7285995,-1.034382724,0.190663364,-5.425178179,5.79E-08,7.53E-07
208.9791711,-1.278371412,0.248355426,-5.147346425,2.64E-07,2.97E-06
3277.609475,1.153696597,0.120001307,9.614033572,6.98E-22,1.63E-19
679.1118404,1.316690495,0.251202299,5.241554314,1.59E-07,1.91E-06
540.3311482,-1.320724484,0.206538337,-6.39457304,1.61E-10,3.71E-09
385.1111603,-1.028388701,0.246936249,-4.164591885,3.12E-05,0.000208511
5673.699672,1.015934473,0.187739187,5.411414053,6.25E-08,8.05E-07
722.5828371,-1.263051849,0.187125038,-6.749774711,1.48E-11,4.19E-10
428.7667043,1.290265909,0.174571408,7.391049431,1.46E-13,6.82E-12
481.6923897,-1.03199007,0.189965505,-5.432512968,5.56E-08,7.29E-07
451.7507414,1.154140705,0.190250681,6.06642089,1.31E-09,2.47E-08
481.7732798,1.121215075,0.176745916,6.343654798,2.24E-10,5.08E-09
513.5210478,-1.013004239,0.185765504,-5.453134292,4.95E-08,6.57E-07
3259.678713,2.834813615,0.147612812,19.20438733,3.40E-82,2.07E-78
300.1074151,1.394848526,0.176213926,7.915654324,2.46E-15,1.65E-13
1768.276072,1.43539939,0.394369924,3.639728344,0.000272926,0.001362392
532.9707836,-1.248595454,0.310330472,-4.023438129,5.74E-05,0.000353532
54.82755934,1.869971691,0.478859935,3.905049375,9.42E-05,0.000542777
616.7134242,1.082628782,0.151519151,7.145161375,8.99E-13,3.51E-11
2169.555186,-1.036699995,0.192673379,-5.380608369,7.42E-08,9.48E-07
1169.400376,1.084640834,0.148025875,7.327373249,2.35E-13,1.04E-11
396.5378129,-1.089639432,0.212697298,-5.122958496,3.01E-07,3.35E-06
192.5552577,1.740702961,0.210070404,8.28628368,1.17E-16,1.03E-14
291.786088,1.298401027,0.190314702,6.822389501,8.95E-12,2.70E-10
34.63288566,-1.334984531,0.373100154,-3.578086245,0.000346119,0.001663667
227.7770625,-1.329131412,0.285529581,-4.65496922,3.24E-06,2.80E-05
15.9774558,-2.284624809,0.790883142,-2.888700855,0.003868369,0.013190575
239.8487704,-2.020834882,0.795672137,-2.539783396,0.011092114,0.032077248
10596.40709,-1.750607542,0.583484175,-3.000265672,0.002697442,0.009749212
42.35652804,-1.919374521,0.561494159,-3.418333907,0.000630058,0.002776448
20.33541724,1.87005758,0.513430753,3.642278082,0.000270236,0.00135118
309.3567704,1.562122659,0.25120215,6.218587926,5.02E-10,1.03E-08
434.8851156,1.428612605,0.254535013,5.61263689,1.99E-08,2.88E-07
1551.175635,1.091263953,0.159754661,6.830873946,8.44E-12,2.57E-10
1746.775131,-1.779018693,0.173806223,-10.2356444,1.37E-24,4.40E-22
198.5489774,1.16480936,0.260755271,4.467059683,7.93E-06,6.21E-05
853.9623335,1.141167072,0.215532063,5.29465108,1.19E-07,1.46E-06
194.6662436,-1.067231645,0.266760555,-4.000710092,6.32E-05,0.000384985
132.4253428,1.116629981,0.390923199,2.856392216,0.004284855,0.014456933
419.4380871,1.107543822,0.195182752,5.674393909,1.39E-08,2.10E-07
73.99502679,-1.341633975,0.347389873,-3.862041119,0.000112444,0.000629717
451.3204935,1.846105862,0.15377482,12.00525458,3.33E-33,1.85E-30
2048.049893,-1.20044788,0.154077709,-7.791184664,6.64E-15,4.00E-13
9.538010929,-2.088537074,0.771935295,-2.705585674,0.006818406,0.021294406
172.2086683,1.109540341,0.273535021,4.056300863,4.99E-05,0.00031237
496.8484828,-1.020728263,0.255260921,-3.99876432,6.37E-05,0.000387775
2387.303495,-1.072463135,0.23555019,-4.553013237,5.29E-06,4.32E-05
938.0701496,-1.354500022,0.225015901,-6.019574686,1.75E-09,3.18E-08
1099.338664,1.036408558,0.151906729,6.822663898,8.94E-12,2.70E-10
72.7310082,-1.080703582,0.274578503,-3.935863776,8.29E-05,0.000485431
606.841397,-1.599297587,0.224731108,-7.116494007,1.11E-12,4.19E-11
6.897574446,6.457588536,1.575985359,4.097492719,4.18E-05,0.000268017
9.207660799,-2.057619348,0.753274309,-2.731567137,0.00630339,0.019941633
412.9177899,1.223445779,0.223161867,5.482324536,4.20E-08,5.62E-07
399.4182431,1.891391987,0.205099003,9.221848747,2.92E-20,5.74E-18
289.9998685,-1.333752467,0.290960209,-4.583968612,4.56E-06,3.79E-05
6161.143376,-1.627389218,0.151621925,-10.73320509,7.11E-27,2.89E-24
557.2838172,-1.062912546,0.22662027,-4.690280122,2.73E-06,2.41E-05
8269.496269,-2.444447179,0.345625862,-7.072523936,1.52E-12,5.42E-11
294.0510884,-1.363081549,0.217730508,-6.260406795,3.84E-10,8.09E-09
37.47781019,-1.047032504,0.387453106,-2.702346396,0.006885199,0.021415149
483.5524823,1.048296557,0.153169454,6.844031426,7.70E-12,2.37E-10
814.9834689,1.053342304,0.201321784,5.232132776,1.68E-07,1.98E-06
308.110246,-1.209620405,0.299900462,-4.033406274,5.50E-05,0.000341277
6059.377419,1.075643731,0.165316001,6.50659175,7.69E-11,1.90E-09
1605.967617,-2.356333111,0.21478124,-10.97085161,5.28E-28,2.47E-25
294.9509363,-1.109002083,0.310592312,-3.570603775,0.000356159,0.001705197
252.7284277,-1.082164184,0.223794487,-4.835526539,1.33E-06,1.26E-05
259.1004294,-1.037228789,0.274511571,-3.778451976,0.000157806,0.000848975
468.48011,-1.703886644,0.180420956,-9.443950883,3.59E-21,8.10E-19
217.2424005,1.663019628,0.29962133,5.550404663,2.85E-08,3.94E-07
3781.087848,1.31591409,0.205387942,6.406968585,1.48E-10,3.45E-09
6.732930938,-3.059356513,1.131608237,-2.703547406,0.006860366,0.021370655
555.7357833,1.183136973,0.132231547,8.947463727,3.64E-19,5.19E-17
132.5359439,1.698677597,0.289605678,5.865484441,4.48E-09,7.37E-08
44.71276816,1.403922817,0.440841773,3.184641071,0.001449336,0.005710156
16.48786269,1.643551378,0.579613272,2.835599973,0.00457397,0.015280019
866.2489757,1.058283394,0.18172679,5.823485877,5.76E-09,9.29E-08
3.676892558,4.895476019,1.825308154,2.681999754,0.007318351,0.022566461
675.1276473,1.315773316,0.147965247,8.892448334,5.98E-19,7.91E-17
326.5189664,1.59637762,0.346377304,4.608782391,4.05E-06,3.43E-05
51.49860715,1.33175988,0.418778944,3.180102296,0.001472231,0.005784442
56.0905131,1.122304659,0.310056306,3.61968016,0.000294967,0.001459262
358.7538002,1.148131116,0.191867079,5.983992258,2.18E-09,3.85E-08
492.2901525,1.06331763,0.217913718,4.879535071,1.06E-06,1.04E-05
570.0382342,-1.853758369,0.297818209,-6.224462809,4.83E-10,9.98E-09
148.4229496,-1.264968065,0.307995436,-4.107100026,4.01E-05,0.000259024
164.6619718,2.60299617,1.030284949,2.526481797,0.011521136,0.033096093
18.21172733,1.540445391,0.528193586,2.916440927,0.003540498,0.012237021
2257.372055,1.216192068,0.223593734,5.439294062,5.35E-08,7.07E-07
911.9621059,-1.001753966,0.212036973,-4.724430608,2.31E-06,2.09E-05
223.0825215,-1.407061143,0.207994523,-6.764895149,1.33E-11,3.84E-10
53.59251757,1.10696656,0.435331908,2.542810532,0.010996484,0.031874625
416.8854796,1.939303853,0.238046236,8.146752842,3.74E-16,2.94E-14
1072.733571,3.405467005,0.466906406,7.29368234,3.02E-13,1.29E-11
1417.207603,1.048335577,0.134323756,7.804543351,5.97E-15,3.64E-13
218.1849728,-1.007097463,0.305814098,-3.293168851,0.00099065,0.004098544
121.3454242,3.520609499,0.394198831,8.931050078,4.22E-19,5.84E-17
442.1937307,-1.154572384,0.253713476,-4.550693966,5.35E-06,4.36E-05
1185.4897,-1.57976523,0.268606462,-5.881337394,4.07E-09,6.73E-08
307.1466391,1.133132179,0.242817355,4.666602926,3.06E-06,2.67E-05
516.8164571,1.54806142,0.220096943,7.033543478,2.01E-12,6.93E-11
113.9127874,1.186000363,0.291497624,4.068645036,4.73E-05,0.000298734
34.32418149,-1.16485596,0.474566542,-2.454568236,0.014105389,0.039081811
14.46772589,-4.452052331,0.935936863,-4.75678703,1.97E-06,1.81E-05
417.4445537,1.163714349,0.260252442,4.471482913,7.77E-06,6.09E-05
522.7310494,-1.163552326,0.156390068,-7.440065347,1.01E-13,4.90E-12
23.37723917,-1.303932183,0.542746718,-2.402469034,0.016284813,0.043979828
8.090737951,5.844311307,1.513319029,3.861916221,0.000112501,0.000629717
229.5122504,-1.259487223,0.19500181,-6.458848883,1.06E-10,2.52E-09
1099.710958,-2.143211344,0.235345371,-9.106664546,8.50E-20,1.48E-17
1816.801867,-1.000030541,0.170593672,-5.862061158,4.57E-09,7.50E-08
853.0437186,2.670003817,0.217628746,12.26861737,1.34E-34,9.03E-32
722.746916,1.206528817,0.176328133,6.842520241,7.78E-12,2.38E-10
1714.217799,2.465134366,0.185565228,13.28446278,2.85E-40,2.48E-37
39.86117668,-1.326301596,0.416288296,-3.186017021,0.001442461,0.0056895
1114.609221,-1.396346741,0.226383411,-6.168061233,6.91E-10,1.38E-08
808.2269204,1.004911629,0.156864645,6.406234041,1.49E-10,3.45E-09
315.3733548,1.30437518,0.250416754,5.208817531,1.90E-07,2.21E-06
2103.547738,1.021571566,0.166875951,6.1217423,9.26E-10,1.81E-08
4235.949519,1.149399183,0.144439285,7.95766321,1.75E-15,1.21E-13
2592.342594,2.089361904,0.727190576,2.87319717,0.004063404,0.013769397
92.67799371,1.30681195,0.278075018,4.699494258,2.61E-06,2.32E-05
125.7980832,1.05163661,0.264803404,3.971386295,7.15E-05,0.00042747
256.7402134,1.133996342,0.23120754,4.904668511,9.36E-07,9.22E-06
6480.653151,1.046662462,0.139519384,7.501914289,6.29E-14,3.14E-12
83.9788449,1.248251323,0.470356832,2.65383904,0.007958178,0.024269055
671.3489992,1.081253598,0.171563516,6.302351604,2.93E-10,6.42E-09
109.1221282,-1.259226644,0.249877203,-5.039381849,4.67E-07,4.97E-06
8680.709177,1.161133012,0.165979126,6.995656844,2.64E-12,8.74E-11
456.3969548,-1.019171415,0.323335086,-3.152059455,0.001621233,0.006296752
1159.038402,1.098110194,0.141384516,7.766834895,8.05E-15,4.80E-13
5317.51247,1.431569859,0.180310075,7.939489003,2.03E-15,1.37E-13
57.05956976,1.732255875,0.468930309,3.694058247,0.000220703,0.001125778
1098.422066,1.021679944,0.116034915,8.804935552,1.31E-18,1.63E-16
655.4848992,1.197106549,0.184401544,6.491846652,8.48E-11,2.09E-09
449.6288186,1.26255145,0.217006959,5.818022861,5.95E-09,9.52E-08
868.3128393,1.072618858,0.187150939,5.731303636,9.97E-09,1.52E-07
1298.495825,1.304060026,0.181706578,7.176735364,7.14E-13,2.88E-11
116.7928493,-1.103927273,0.254077432,-4.344845837,1.39E-05,0.000102387
1150.116278,-1.262083221,0.178016719,-7.089689259,1.34E-12,4.96E-11
258.7280772,1.047070366,0.170955002,6.124830248,9.08E-10,1.78E-08
216.2847279,-1.255445543,0.293900441,-4.271669471,1.94E-05,0.000136754
29.60454289,2.566231574,1.094256373,2.345183119,0.019017737,0.049857088
1276.991684,-2.184234621,0.239126915,-9.134206497,6.59E-20,1.18E-17
221.769519,-1.904275792,0.351683538,-5.414742481,6.14E-08,7.92E-07
176.9279766,1.808431919,0.239149735,7.561923169,3.97E-14,2.02E-12
4155.874442,-1.542344875,0.503215011,-3.064981851,0.002176832,0.008098294
354.0869064,1.509240069,0.185243258,8.147341421,3.72E-16,2.94E-14
72.52831438,-1.087670426,0.410755836,-2.64797315,0.008097596,0.024644856
983.1269714,-1.049241338,0.218166967,-4.809350165,1.51E-06,1.42E-05
1135.95773,1.092785193,0.168685065,6.478256956,9.28E-11,2.28E-09
499.0133963,-1.104027929,0.159374318,-6.927263704,4.29E-12,1.35E-10
247.7155335,1.750951313,0.335720644,5.215500878,1.83E-07,2.15E-06
21.94652002,1.573412021,0.492229429,3.196501323,0.001391052,0.005508131
2441.549094,1.931311772,0.111819829,17.27163948,7.69E-67,2.34E-63
1347.799402,1.062387076,0.233095573,4.557731666,5.17E-06,4.23E-05
640.3168836,-1.100176685,0.184776311,-5.954100273,2.62E-09,4.55E-08
172.4093119,1.033418471,0.246258432,4.196479535,2.71E-05,0.000184466
1148.381231,1.743246032,0.203085753,8.583792859,9.18E-18,9.64E-16
154.315873,-1.30296355,0.269712661,-4.830932091,1.36E-06,1.28E-05
452.8361653,-1.495671547,0.247127494,-6.052226407,1.43E-09,2.67E-08
165.0573643,-1.010797143,0.263499864,-3.836044265,0.000125032,0.000690339
71.88153541,-1.383573734,0.41370411,-3.344355783,0.000824739,0.00349524
731.3234765,1.144090115,0.208858914,5.477813191,4.31E-08,5.74E-07
769.3475378,-1.997479419,0.708250771,-2.820299676,0.004797882,0.01590588
214.7622489,-1.056271085,0.269807047,-3.91491289,9.04E-05,0.000522543
235.3981653,1.390039593,0.233549396,5.951801269,2.65E-09,4.60E-08
1734.37373,-1.421580224,0.41911964,-3.391824409,0.000694289,0.003023949
647.3774706,1.549586304,0.148324416,10.44727728,1.51E-25,5.40E-23
281.1149538,-1.324378777,0.343584636,-3.854592543,0.000115923,0.0006459
9519.696469,1.007388488,0.190581605,5.285864236,1.25E-07,1.52E-06
1572.935795,1.055686569,0.217336791,4.857376258,1.19E-06,1.14E-05
967.8256962,-1.256998172,0.259197911,-4.84956908,1.24E-06,1.18E-05
859.5546468,-1.42135738,0.268003443,-5.303504185,1.14E-07,1.39E-06
458.6568977,-1.600654775,0.312647449,-5.11967962,3.06E-07,3.41E-06
174.1066963,2.838233918,0.310199501,9.149704985,5.71E-20,1.05E-17
592.3959238,-1.333002782,0.237767211,-5.606335621,2.07E-08,2.96E-07
830.0316971,1.156574999,0.175397479,6.594022946,4.28E-11,1.10E-09
128.1866283,-2.803579511,0.716950053,-3.910425139,9.21E-05,0.000531844
4289.116577,-1.058263828,0.274817231,-3.850791393,0.000117737,0.00065481
454.9922894,1.04411565,0.184277438,5.6659983,1.46E-08,2.18E-07
996.4119389,-1.288649018,0.172607253,-7.465787182,8.28E-14,4.07E-12
32.95751427,2.153075748,0.63594583,3.385627591,0.000710157,0.003076
540.0050486,1.240473181,0.147938217,8.385075937,5.07E-17,4.82E-15
370.4696931,2.18124935,0.225684835,9.665024014,4.25E-22,1.08E-19
85.14442161,-1.217975585,0.339889341,-3.583447424,0.000339089,0.001635037
45.59991032,-1.237761716,0.365341759,-3.387955761,0.000704156,0.003056941
1255.471448,-1.571459925,0.198799391,-7.904752216,2.68E-15,1.78E-13
208.8501739,-1.601435308,0.208590761,-7.677402882,1.62E-14,9.15E-13
63.43832926,-1.467812356,0.31151045,-4.711920124,2.45E-06,2.20E-05
1085.278132,-1.18088674,0.204459462,-5.775652185,7.67E-09,1.20E-07
2684.51496,-2.482886832,0.16512716,-15.03621108,4.25E-51,6.47E-48
261.4249943,-1.20188693,0.228202359,-5.266759436,1.39E-07,1.68E-06
689.186565,1.295899732,0.195466096,6.629792887,3.36E-11,8.94E-10
707.2016722,1.410312749,0.151558275,9.305415705,1.33E-20,2.71E-18
4119.242768,1.145612705,0.234618806,4.882868192,1.05E-06,1.02E-05
1307.993406,1.015400896,0.202424109,5.016205343,5.27E-07,5.52E-06
1640.106241,-1.249932215,0.161434109,-7.742677349,9.73E-15,5.76E-13
292.1767442,-1.109421818,0.203327098,-5.456340194,4.86E-08,6.46E-07
336.0263155,-1.186222437,0.223336717,-5.311363272,1.09E-07,1.34E-06
922.1073592,-1.092331018,0.179369672,-6.08983116,1.13E-09,2.17E-08
717.9631074,-1.369926221,0.181160989,-7.561927272,3.97E-14,2.02E-12
288.1786873,-1.223875774,0.223207134,-5.48313914,4.18E-08,5.61E-07
5701.083788,-3.051618012,0.201512895,-15.14353714,8.36E-52,1.70E-48
654.3181529,2.715913025,0.448224015,6.059276016,1.37E-09,2.57E-08
180.2065384,-1.372413268,0.373751016,-3.671998765,0.000240661,0.001220337
2711.07575,-1.800346251,0.141339131,-12.73777642,3.65E-37,2.78E-34
30.18081704,2.079471659,0.540344009,3.848421791,0.000118881,0.00065997
174.3231189,1.141202025,0.280985976,4.061419867,4.88E-05,0.000306758
227.5748861,1.013331856,0.201129702,5.038200947,4.70E-07,4.99E-06
1024.302283,1.114965876,0.138600691,8.044446765,8.66E-16,6.36E-14
712.1331817,2.34070216,0.212501231,11.01500517,3.24E-28,1.64E-25
822.1620073,-1.037027913,0.268288425,-3.865347198,0.000110931,0.000623221
2030.671299,1.764468214,0.163419481,10.79717184,3.55E-27,1.54E-24
340.3009687,2.41978968,0.309135663,7.827597947,4.97E-15,3.12E-13
123.7433467,1.941156411,0.298168242,6.510272184,7.50E-11,1.88E-09
742.1327163,-1.088674498,0.14127836,-7.705882887,1.30E-14,7.47E-13
231.2026406,1.11156601,0.383857582,2.895777134,0.003782209,0.012938696
1054.074096,-1.124165448,0.230985684,-4.866818701,1.13E-06,1.10E-05
503.2534267,1.44300327,0.204634385,7.05161683,1.77E-12,6.15E-11
1859.579467,1.366307001,0.167388229,8.162503471,3.28E-16,2.66E-14
514.5808963,1.661125778,0.185599487,8.950055849,3.55E-19,5.19E-17
13.51831214,1.88355101,0.696936767,2.702613924,0.00687966,0.021415149
33.03667166,-1.437340552,0.485046337,-2.963305656,0.003043542,0.01079509
273.3862363,-1.8735196,0.351193666,-5.334719218,9.57E-08,1.19E-06
653.6698734,-1.014409921,0.213478581,-4.751811237,2.02E-06,1.85E-05
773.028757,1.035209565,0.200417808,5.165257401,2.40E-07,2.73E-06
344.4140074,-1.057202214,0.263040002,-4.019168977,5.84E-05,0.000358909
424.9820076,1.16116962,0.159757113,7.268343802,3.64E-13,1.54E-11
245.0531944,1.411753796,0.227444657,6.207021147,5.40E-10,1.11E-08
269.3740167,-1.134222963,0.204942193,-5.534355551,3.12E-08,4.28E-07
598.2687603,1.067122998,0.199862446,5.339287197,9.33E-08,1.17E-06
3739.350422,1.165836906,0.20175124,5.77858607,7.53E-09,1.19E-07
956.5997475,-1.344787955,0.234104126,-5.744400912,9.22E-09,1.42E-07
1422.205676,1.000503998,0.142634181,7.014475712,2.31E-12,7.85E-11
684.4438436,1.068403307,0.213639033,5.000974276,5.70E-07,5.89E-06
102.5515861,-1.094658387,0.308905223,-3.543670692,0.000394598,0.001852815
1785.081002,1.055920562,0.12583822,8.391095801,4.82E-17,4.66E-15
1060.771528,-1.067550365,0.165041507,-6.468375044,9.91E-11,2.40E-09
588.4178785,1.13135557,0.126218654,8.963457732,3.15E-19,4.79E-17
93.87745604,-1.037135364,0.35357158,-2.93331088,0.003353679,0.011717674
426.2605512,1.110247754,0.165470995,6.709621546,1.95E-11,5.40E-10
380.451583,-3.554682042,0.333961726,-10.64398032,1.86E-26,7.08E-24
126.623782,-1.059704741,0.308331811,-3.436897209,0.000588419,0.002604267
3471.87206,-2.510794265,0.276024518,-9.096272627,9.35E-20,1.58E-17
466.4636906,-1.073173472,0.186176537,-5.764278836,8.20E-09,1.28E-07
16.9459779,-1.633719743,0.650977775,-2.509639816,0.012085436,0.034505535
1688.733571,-1.003682266,0.171627016,-5.84804355,4.97E-09,8.10E-08
18.30903297,-1.513632455,0.557222023,-2.716390223,0.006599808,0.020717953
1033.848877,1.000888694,0.26588118,3.764420989,0.000166935,0.000884801
5382.577548,1.135015982,0.155539581,7.297280708,2.94E-13,1.27E-11
43.13770506,2.394366792,0.557010931,4.298599287,1.72E-05,0.000122571
273.930382,1.431469676,0.200970477,7.12278589,1.06E-12,4.03E-11
368.7568828,-1.363700251,0.258960875,-5.266047423,1.39E-07,1.68E-06
382.9125971,-2.436465483,0.278559424,-8.746663259,2.20E-18,2.57E-16
177.0410019,-1.138620015,0.293667197,-3.877246167,0.000105645,0.000597938
257.6934406,1.102599946,0.217096779,5.07884065,3.80E-07,4.14E-06
478.3905461,-1.341336528,0.222833389,-6.019459351,1.75E-09,3.18E-08
346.9249781,-1.186681842,0.176606624,-6.719350694,1.83E-11,5.10E-10
188.3673096,-1.12775682,0.23939753,-4.71081226,2.47E-06,2.21E-05
877.4414066,-2.228912652,0.285358089,-7.810932082,5.68E-15,3.53E-13
168.1814982,-1.5176474,0.576030674,-2.63466421,0.008422055,0.025517571
337.6352504,-2.013741209,0.342211402,-5.884494787,3.99E-09,6.63E-08
552.6234429,-1.002115939,0.19810408,-5.058532561,4.22E-07,4.55E-06
895.2045169,-1.291093413,0.185236671,-6.969966609,3.17E-12,1.03E-10
1262.517121,1.36935141,0.160247188,8.545244545,1.28E-17,1.32E-15
4972.798716,-1.103263684,0.221052878,-4.990949207,6.01E-07,6.16E-06
90.98772518,-1.317688204,0.306525039,-4.298794674,1.72E-05,0.000122571
6366.924871,1.314715175,0.224612275,5.853265029,4.82E-09,7.87E-08
3180.181313,1.080060506,0.151339597,7.136668305,9.56E-13,3.69E-11
938.9931389,-4.914472597,0.566000079,-8.682812568,3.86E-18,4.35E-16
370.9201253,-6.221504921,1.008571586,-6.168629981,6.89E-10,1.38E-08
1258.676144,-1.778955025,0.196245046,-9.064967812,1.25E-19,2.00E-17
695.5111395,-1.66579423,0.189703947,-8.781020404,1.62E-18,1.93E-16
387.8331174,-1.957105851,0.488411739,-4.007081923,6.15E-05,0.0003755
1528.971112,-1.023253528,0.21029107,-4.865891481,1.14E-06,1.10E-05
710.8402876,1.301131527,0.177775456,7.318960423,2.50E-13,1.10E-11
576.6159204,-1.375203885,0.244389683,-5.627094681,1.83E-08,2.68E-07
16.10665215,-3.110925297,0.713948758,-4.357350948,1.32E-05,9.72E-05
4238.160183,1.055514592,0.170311755,6.197543989,5.74E-10,1.16E-08
481.008554,-1.410043827,0.199246672,-7.076875162,1.47E-12,5.31E-11
200.1802828,1.409948133,0.223913588,6.296840437,3.04E-10,6.63E-09
484.96087,1.171044852,0.175942231,6.655848586,2.82E-11,7.59E-10
182.5481542,-1.280373833,0.232175574,-5.514679314,3.49E-08,4.75E-07
